{"sections":{"breadcrumb":{"type":"breadcrumb","settings":{"show_title_page":false,"h_position":"left","v_position":"middle","txt_align":"center","bg":"rgba(0,0,0,0)","cl_title":"#212529","cl_breadcrum":"#8D979E","b_height":60,"mg_bottom":0,"mobile_bg":"rgba(0,0,0,0)","mobile_ht":50,"mobile_mg_bottom":0}},"main":{"type":"content-404","settings":{"bg_img_404":"shopify:\/\/shop_images\/cellect.logo.svg","title":"Opps! Page not found.","content":"Sorry for the inconvenience. Go to our homepage or check out our latest collections.","cl_bg":"#ffffff","pd_c":"","mg":"","pd":"80px,0,80px,0","mg_mb":"","pd_mb":"50px,0,50px,0"}}},"order":["breadcrumb","main"]}