{"sections":{"breadcrumb":{"type":"breadcrumb","settings":{"show_title_page":false,"h_position":"left","v_position":"middle","txt_align":"center","bg":"#ffffff","cl_title":"#212529","cl_breadcrum":"#8D979E","b_height":70,"mg_bottom":0,"mobile_bg":"#ffffff","mobile_ht":50,"mobile_mg_bottom":0}},"main-article":{"type":"main-article","blocks":{"cba9170e-c3fb-466e-a4b5-3f893c854638":{"type":"search","settings":{"title":"Search blog","place_holder_search_sidebar":"Search blog","icon_search":"<i class=\"icon-search\"><\/i>"}},"87dbd700-6e65-4077-9783-4d99ed0be889":{"type":"category","settings":{"title_category_sidebar":"Categories","pagination_limit_category":6}},"de3e69a6-c114-4149-acc6-979ab25d994f":{"type":"social","settings":{"title":"social"}},"91508a69-aeb1-40de-a522-23688822f149":{"type":"latestpost","settings":{"title":"Latest post","blog":"","limit_blog_latest":4}},"f95d6a6a-70b0-44ee-a984-450b62ea01b7":{"type":"tags","settings":{"title":"Tags Cloud","limit_tags":6}},"be033fae-3309-4706-939b-03a77709c14c":{"type":"newsletter","settings":{"title":"Newsletter","subtitle":"Subscribe to our newsletter and get our newest updates right on your inbox.","place_holder":"Your email","title_newsletter_checkbox":"I agree to the terms & conditions","title_newsletter_button":"Subscribe"}}},"block_order":["cba9170e-c3fb-466e-a4b5-3f893c854638","87dbd700-6e65-4077-9783-4d99ed0be889","de3e69a6-c114-4149-acc6-979ab25d994f","91508a69-aeb1-40de-a522-23688822f149","f95d6a6a-70b0-44ee-a984-450b62ea01b7","be033fae-3309-4706-939b-03a77709c14c"],"settings":{"layout_blog":"3","comment_use_chk":true,"show_tags":true,"limit_tags":4,"show_social":true,"cl_bg":"#ffffff","mg":"","pd":"","mg_mb":"","pd_mb":""}}},"order":["breadcrumb","main-article"]}