{"sections":{"breadcrumb":{"type":"breadcrumb","settings":{"show_title_page":true,"h_position":"center","v_position":"middle","txt_align":"center","bg":"#ffffff","b_height":190,"mg_bottom":0,"mobile_bg":"#ffffff","mobile_ht":120,"mobile_mg_bottom":0}},"main":{"type":"main-cart","settings":{"show_order_note":true,"show_coupon":true,"cl_bg":"#ffffff","mg":"","pd":",0,80px,0","mg_mb":"","pd_mb":",0,40px,0"}},"2b2e3aa9-c81e-496e-bb9d-88ca73e288dc":{"type":"collection-carousel-product","settings":{"title":"New arrivals","text_size":"small","collection":"accessories","max_count":8,"use-slider":true,"slides-To-Scroll":1,"visible":6,"widescreen":6,"desktop":5,"laptop":5,"notebook":3,"tablet":3,"landscape":2,"portrait":2,"mobile":1,"rows":1,"autoplay":false,"speed":"300","autoplay-Speed":"3000","arrows":true,"fade":false,"center-Mode":false,"adaptive-Height":false,"dots":false,"infinite":false,"padding":2.5,"vertical":false,"show_view_all":false,"layout_des":false,"cl_bg":"#f1f5f6","mg":",,,","pd":"80px,,80px,","mg_mb":",,,","pd_mb":"40px,,40px,"}}},"order":["breadcrumb","main","2b2e3aa9-c81e-496e-bb9d-88ca73e288dc"]}