{"sections":{"breadcrumb":{"type":"breadcrumb","settings":{"show_title_page":true,"h_position":"center","v_position":"middle","txt_align":"center","bg":"rgba(0,0,0,0)","cl_title":"#ffffff","cl_breadcrum":"#ffffff","b_height":150,"mg_bottom":30,"mobile_bg":"rgba(0,0,0,0)","mobile_ht":100,"mobile_mg_bottom":15}},"product-grid":{"type":"main-collection-product-grid","blocks":{"932fc3a4-132b-4a34-b5d0-91df6362734c":{"type":"menu","settings":{"enable_menu_categories":true,"title_categories":"Product Categories","menu":""}},"71ef674c-522c-4a08-b0e1-1d3b9dcff239":{"type":"product","disabled":true,"settings":{"title":"Featured product","product1":"google-pixel-7-5g-android-smartphone-128gb","product2":"apple-iphone-11","product3":"","product4":""}},"d1f87686-4bdb-47c4-a938-983ce2683a19":{"type":"banner_img","disabled":true,"settings":{"url":"shopify:\/\/collections\/google-pixels","title":"top cameras","content":"<h3>Laptop<\/h3>\n<h4>Macbook M1<\/h4>\n<p>Just from: <span class=\"price\">$120.99<\/span><\/p>","btn":"Shop Now"}}},"block_order":["932fc3a4-132b-4a34-b5d0-91df6362734c","71ef674c-522c-4a08-b0e1-1d3b9dcff239","d1f87686-4bdb-47c4-a938-983ce2683a19"],"settings":{"full-width":false,"show_collection_description":false,"show_collection_image":false,"h_des":"200px","h_tb":"200px","h_mb":"85px","enable_filtering":true,"filter_type":"vertical","filter_right":false,"enable_sorting":true,"products_per_page":20,"grid_list":"5","visible":5,"widescreen":5,"desktop":4,"laptop":3,"notebook":2,"tablet":2,"landscape":2,"portrait":2,"mobile":1,"padding_lr":5,"mg":",,100px,","pd":"","mg_mb":",,50px,","pd_mb":""}}},"order":["breadcrumb","product-grid"]}