{"sections":{"165018826364c02d6a":{"type":"slideshow","blocks":{"165018826364c02d6a-1":{"type":"img","settings":{"image_sl":"shopify:\/\/shop_images\/2_0e3fe5bb-4c6f-49b6-9d02-8942ed544392.png","image_sl_mobile":"shopify:\/\/shop_images\/2_97b4e4b7-99a7-4fe7-a1f8-1fd15db25102.png","link_img":"shopify:\/\/collections\/google-pixels","open_link":"_self","caption_w":"1","h_position":"left","v_position":"middle","txt_align":"left","cl_overlay":"#111111","cl_opacity":100}},"6ca105d4-c60d-4770-9dc2-3097283a894b":{"type":"subhd","settings":{"title":"Shop Now","text_animate":"slideInRight","text_time":2.5,"color":"#FFE603","linear_gradient":"","fw_text":700,"fs_text":12,"lh_text":15,"ls_text":"0","font_style":"normal","text_transform":"uppercase","hide":false,"first_mark":false,"last_mark":false,"custom_mark":"","color_mark":"","mobile_fw_text":700,"mobile_lh_text":15,"mobile_font_text":12}},"3b4b9a6c-deb6-4dfb-abdd-35da77d85b1a":{"type":"space","settings":{"hide_mobile":false,"sp":15,"mobile_sp":10}},"416867ec-0732-4261-a3f2-30e689d3518d":{"type":"hd","settings":{"hide":false,"title":"Pixel 8","text_animate":"slideInRight","text_time":2.5,"color":"#ffffff","linear_gradient":"","fw_text":600,"fs_text":40,"lh_text":45,"ls_text":"-0.03em","font_style":"normal","text_transform":"none","first_mark":false,"last_mark":false,"custom_mark":"","color_mark":"","mobile_fw_text":700,"mobile_lh_text":30,"mobile_font_text":30}},"b7c972a8-63f1-447a-85e1-5943ea43ad04":{"type":"hd","settings":{"hide":false,"title":"Launch\nSale","text_animate":"slideInLeft","text_time":2.5,"color":"#ffffff","linear_gradient":"","fw_text":600,"fs_text":40,"lh_text":45,"ls_text":"-0.03em","font_style":"normal","text_transform":"none","first_mark":true,"last_mark":false,"custom_mark":"","color_mark":"#ffe603","mobile_fw_text":700,"mobile_lh_text":30,"mobile_font_text":30}},"hd_kiWEtC":{"type":"hd","disabled":true,"settings":{"hide":false,"title":"Cellection","text_animate":"slideInLeft","text_time":2.5,"color":"#ffffff","linear_gradient":"","fw_text":600,"fs_text":40,"lh_text":45,"ls_text":"-0.03em","font_style":"normal","text_transform":"none","first_mark":true,"last_mark":false,"custom_mark":"","color_mark":"#ffe603","mobile_fw_text":700,"mobile_lh_text":30,"mobile_font_text":30}},"00872d90-3664-49b6-82aa-f74965557de5":{"type":"space","settings":{"hide_mobile":false,"sp":10,"mobile_sp":5}},"f65e767f-b7b5-40e5-9596-d068a03e2894":{"type":"txt","settings":{"title":"Limited Time: Upgrade Now","text_animate":"slideInLeft","text_time":2.5,"color":"#ffffff","fw_text":500,"fs_text":16,"lh_text":20,"ls_text":0,"hide":false,"hide_mobile":false,"mobile_fw_text":400,"mobile_lh_text":0,"mobile_font_text":16}},"5dad6501-4ec3-4b57-8305-3e7052e07c26":{"type":"space","settings":{"hide_mobile":false,"sp":50,"mobile_sp":20}},"a3937595-0962-4042-8971-7fd2a100461b":{"type":"btn","settings":{"title":"Shop Now","text_animate":"fadeInUp","text_time":2.5,"btn_link":"#","cl_txt":"#212529","cl_txt_hover":"#ffffff","cl_bg":"#ffffff","cl_bg_hover":"#2b38d1","fs_text":12,"fw_text":700,"button_transform":"uppercase","br_button":"30px 30px","mg":"0px 0px 0px 0px","pd":"15px 40px 15px 40px","ls_text":0,"mobile_fw_text":700,"mobile_font_text":12,"mobile_mg":"0px 0px 0px 0px","mobile_pd":"10px 40px 10px 40px"}},"b68a79f6-452b-4be4-9485-ab2e5ec818bd":{"type":"img","settings":{"image_sl":"shopify:\/\/shop_images\/1_e9947a4d-a8a6-44c9-a547-59319c77ffbf.png","image_sl_mobile":"shopify:\/\/shop_images\/3_6c659ded-91ce-4e47-9d02-8fdf83ebf9ae.png","link_img":"shopify:\/\/collections\/featured","open_link":"_self","caption_w":"1","h_position":"left","v_position":"middle","txt_align":"left","cl_overlay":"#111111","cl_opacity":100}},"e43e933c-0347-4208-a67a-679030797cae":{"type":"subhd","settings":{"title":"Top offer","text_animate":"fadeInDown","text_time":1.5,"color":"#ffe603","linear_gradient":"","fw_text":700,"fs_text":12,"lh_text":15,"ls_text":"0","font_style":"normal","text_transform":"uppercase","hide":false,"first_mark":false,"last_mark":false,"custom_mark":"","color_mark":"","mobile_fw_text":700,"mobile_lh_text":15,"mobile_font_text":12}},"bff51bde-5bbe-4309-98a8-147edac09f33":{"type":"space","settings":{"hide_mobile":false,"sp":10,"mobile_sp":5}},"42b8c976-6e3a-4627-8694-2ce6bafb5f15":{"type":"hd","settings":{"hide":false,"title":"The Latest","text_animate":"slideInLeft","text_time":2.5,"color":"#ffffff","linear_gradient":"","fw_text":600,"fs_text":40,"lh_text":45,"ls_text":"-0.03em","font_style":"normal","text_transform":"none","first_mark":false,"last_mark":false,"custom_mark":"","color_mark":"","mobile_fw_text":600,"mobile_lh_text":30,"mobile_font_text":30}},"4ef7ed09-8363-4fe0-801e-b1d36c42d4fd":{"type":"hd","settings":{"hide":false,"title":"Greatest Deals","text_animate":"slideInRight","text_time":2.5,"color":"#ffffff","linear_gradient":"","fw_text":600,"fs_text":40,"lh_text":45,"ls_text":"-0.03em","font_style":"normal","text_transform":"none","first_mark":true,"last_mark":false,"custom_mark":"","color_mark":"#ffe603","mobile_fw_text":600,"mobile_lh_text":30,"mobile_font_text":30}},"209ad461-da21-4f59-996b-0443e0bb9db4":{"type":"space","settings":{"hide_mobile":false,"sp":10,"mobile_sp":5}},"de6571dd-52bc-4ed5-82e8-92ef8cf2e782":{"type":"txt","settings":{"title":"Deals That Don't Break the Bank","text_animate":"fadeInUp","text_time":2.5,"color":"#ffffff","fw_text":500,"fs_text":16,"lh_text":20,"ls_text":0,"hide":false,"hide_mobile":false,"mobile_fw_text":500,"mobile_lh_text":20,"mobile_font_text":14}},"2191a709-e18f-4848-9a5f-2e3153242d25":{"type":"space","settings":{"hide_mobile":false,"sp":50,"mobile_sp":25}},"e9b1486a-5343-4257-a9ce-11829970464f":{"type":"btn","settings":{"title":"Shop Now","text_animate":"fadeInUp","text_time":2.5,"btn_link":"#","cl_txt":"#212529","cl_txt_hover":"#ffffff","cl_bg":"#ffffff","cl_bg_hover":"#2b38d1","fs_text":12,"fw_text":700,"button_transform":"uppercase","br_button":"30px 30px","mg":"0px 0px 0px 0px","pd":"15px 40px 15px 40px","ls_text":0,"mobile_fw_text":700,"mobile_font_text":12,"mobile_mg":"0px 0px 0px 0px","mobile_pd":"10px 40px 10px 40px"}},"165018826364c02d6a-0":{"type":"img","settings":{"image_sl":"shopify:\/\/shop_images\/4.png","image_sl_mobile":"shopify:\/\/shop_images\/1_9a54bb98-05cd-426e-b629-9b199c7a4609.png","link_img":"shopify:\/\/collections\/best-sellers","open_link":"_self","caption_w":"1","h_position":"left","v_position":"middle","txt_align":"left","cl_overlay":"#111111","cl_opacity":100}},"379f2442-5885-4f25-945f-6db364fb9c1a":{"type":"subhd","settings":{"title":"New Arrivals","text_animate":"slideInLeft","text_time":2.5,"color":"#ffe603","linear_gradient":"","fw_text":700,"fs_text":12,"lh_text":15,"ls_text":"0","font_style":"normal","text_transform":"uppercase","hide":false,"first_mark":false,"last_mark":false,"custom_mark":"","color_mark":"","mobile_fw_text":400,"mobile_lh_text":0,"mobile_font_text":12}},"04b63f4a-8e00-4c61-a7a0-5be0e46bd7d5":{"type":"space","settings":{"hide_mobile":false,"sp":15,"mobile_sp":10}},"8b306135-6ce3-4ccd-ae2e-ad75cb9f095d":{"type":"hd","disabled":true,"settings":{"hide":false,"title":"Made Smarter","text_animate":"slideInRight","text_time":2.5,"color":"#ffffff","linear_gradient":"","fw_text":700,"fs_text":40,"lh_text":45,"ls_text":"-0.03em","font_style":"normal","text_transform":"none","first_mark":false,"last_mark":false,"custom_mark":"","color_mark":"","mobile_fw_text":700,"mobile_lh_text":30,"mobile_font_text":35}},"hd_yXJ7xy":{"type":"hd","settings":{"hide":false,"title":"Smartphones","text_animate":"slideInLeft","text_time":2.5,"color":"#ffffff","linear_gradient":"","fw_text":600,"fs_text":40,"lh_text":45,"ls_text":"-0.03em","font_style":"normal","text_transform":"none","first_mark":true,"last_mark":false,"custom_mark":"","color_mark":"#ffe603","mobile_fw_text":700,"mobile_lh_text":30,"mobile_font_text":30}},"53c479ab-f936-4077-b245-dacc37905cfd":{"type":"hd","settings":{"hide":false,"title":"Made Smarter","text_animate":"slideInLeft","text_time":2.5,"color":"#ffffff","linear_gradient":"","fw_text":600,"fs_text":40,"lh_text":45,"ls_text":"-0.03em","font_style":"normal","text_transform":"none","first_mark":false,"last_mark":false,"custom_mark":"","color_mark":"","mobile_fw_text":600,"mobile_lh_text":30,"mobile_font_text":35}},"a7bb083b-645e-4df8-b103-a4f38388cb30":{"type":"space","settings":{"hide_mobile":false,"sp":10,"mobile_sp":5}},"b54e535a-e061-43b5-9faf-01c49dbe929f":{"type":"txt","settings":{"title":"Limited Time: Explore The Latest","text_animate":"slideInRight","text_time":2.5,"color":"#ffffff","fw_text":500,"fs_text":16,"lh_text":20,"ls_text":0,"hide":false,"hide_mobile":false,"mobile_fw_text":500,"mobile_lh_text":20,"mobile_font_text":14}},"f9db16a4-5108-4986-8fc5-aa45f6f43b91":{"type":"space","settings":{"hide_mobile":false,"sp":50,"mobile_sp":20}},"a18e2035-2fbd-4496-bb14-bbc57a981498":{"type":"btn","settings":{"title":"Shop Now","text_animate":"fadeInUp","text_time":2.5,"btn_link":"","cl_txt":"#212529","cl_txt_hover":"#ffffff","cl_bg":"#ffffff","cl_bg_hover":"#2b38d1","fs_text":12,"fw_text":700,"button_transform":"uppercase","br_button":"30px 30px","mg":"0px 0px 0px 0px","pd":"15px 40px 15px 40px","ls_text":0,"mobile_fw_text":700,"mobile_font_text":12,"mobile_mg":"0px 0px 0px 0px","mobile_pd":"10px 40px 10px 40px"}}},"block_order":["165018826364c02d6a-1","6ca105d4-c60d-4770-9dc2-3097283a894b","3b4b9a6c-deb6-4dfb-abdd-35da77d85b1a","416867ec-0732-4261-a3f2-30e689d3518d","b7c972a8-63f1-447a-85e1-5943ea43ad04","hd_kiWEtC","00872d90-3664-49b6-82aa-f74965557de5","f65e767f-b7b5-40e5-9596-d068a03e2894","5dad6501-4ec3-4b57-8305-3e7052e07c26","a3937595-0962-4042-8971-7fd2a100461b","b68a79f6-452b-4be4-9485-ab2e5ec818bd","e43e933c-0347-4208-a67a-679030797cae","bff51bde-5bbe-4309-98a8-147edac09f33","42b8c976-6e3a-4627-8694-2ce6bafb5f15","4ef7ed09-8363-4fe0-801e-b1d36c42d4fd","209ad461-da21-4f59-996b-0443e0bb9db4","de6571dd-52bc-4ed5-82e8-92ef8cf2e782","2191a709-e18f-4848-9a5f-2e3153242d25","e9b1486a-5343-4257-a9ce-11829970464f","165018826364c02d6a-0","379f2442-5885-4f25-945f-6db364fb9c1a","04b63f4a-8e00-4c61-a7a0-5be0e46bd7d5","8b306135-6ce3-4ccd-ae2e-ad75cb9f095d","hd_yXJ7xy","53c479ab-f936-4077-b245-dacc37905cfd","a7bb083b-645e-4df8-b103-a4f38388cb30","b54e535a-e061-43b5-9faf-01c49dbe929f","f9db16a4-5108-4986-8fc5-aa45f6f43b91","a18e2035-2fbd-4496-bb14-bbc57a981498"],"custom_css":["p {color: ;}","highlight {color: yellow;}"],"settings":{"hidden":false,"h_des":"635px","h_tb":"400px","h_mb":"300px","use-slider":true,"slides-To-Scroll":1,"visible":1,"widescreen":1,"desktop":1,"laptop":1,"notebook":1,"tablet":1,"landscape":1,"portrait":1,"mobile":1,"rows":1,"autoplay":true,"speed":"900","autoplay-Speed":"6000","arrows":true,"fade":true,"fade_zoom":true,"center-Mode":false,"adaptive-Height":true,"dots":true,"infinite":true,"padding":0,"vertical":false,"position_dots":"center","style_dots":"style1","item_gap":20,"use_banner_right":false,"image_right_1":"shopify:\/\/shop_images\/1_ec6ac640-e34d-4507-959a-aa94b227080b.png","link_img_1":"shopify:\/\/products\/google-pixel-6-pro-5g-android-smartphone-snow-white-128gb","content_1":"<p class=\"h3\">The <b>Google<\/b><\/p>\n<p class=\"h3\"><b><highlight> Pixel 6 <\/highlight> Pro <\/b><\/p>\n<p class=\"discount\"><b> Available Now<\/b><\/p>","link_img_2":"shopify:\/\/collections\/iphones","image_right_2":"shopify:\/\/shop_images\/2_3b31ae31-1ee3-4e22-b2f7-b2aa8137337a.png","content_2":"<p class=\"h3\">The <b>All New<\/b><\/p>\n<p class=\"h3\"><b> <highlight> iPhone 15<\/highlight><\/b><\/p>\n<p><b>Available Now<\/b><\/p>","layout":"container","cl_bg":"#f6f7f9","mg":",,,","pd":"40px,,,","mg_mb":",,,","pd_mb":"20px,,,"}},"17128287817515ec21":{"type":"apps","settings":{}},"adb31611-bb52-4257-9fc8-a7003a7eb87a":{"type":"collection-list-slider","blocks":{"adb31611-bb52-4257-9fc8-a7003a7eb87a-1671528554a9bd7de6-0":{"type":"collection","settings":{"collection":"smart-phones-tablets","image":"shopify:\/\/shop_images\/Student_Catelog_Icon_40f74f32-bd70-4388-a345-826267644dc8.png","title":"Students"}},"adb31611-bb52-4257-9fc8-a7003a7eb87a-1671528554a9bd7de6-1":{"type":"collection","settings":{"collection":"tv-audios","title":"OLED\/Smart TVs"}},"adb31611-bb52-4257-9fc8-a7003a7eb87a-1671528554a9bd7de6-2":{"type":"collection","settings":{"collection":"cameras-photos","title":"Phone\/Mobile"}},"adb31611-bb52-4257-9fc8-a7003a7eb87a-1671528554a9bd7de6-3":{"type":"collection","settings":{"collection":"smart-phones-tablets","title":"Tablets\/Ipad Pro"}},"adb31611-bb52-4257-9fc8-a7003a7eb87a-1671528554a9bd7de6-4":{"type":"collection","settings":{"collection":"laptop-ipad","title":"Gamepad\/Console"}},"adb31611-bb52-4257-9fc8-a7003a7eb87a-1671528554a9bd7de6-5":{"type":"collection","settings":{"collection":"cameras-photos","title":"Camera\/Photo"}},"ca39440e-a4cb-439b-bec1-9dd9a54948c7":{"type":"collection","disabled":true,"settings":{"collection":"desktop-pc","title":"Heatsink PC"}},"a6b8dbc7-19c6-43c3-a6bb-f90c47881481":{"type":"collection","disabled":true,"settings":{"collection":"home-kitchen","title":"Home\/Electronics"}}},"block_order":["adb31611-bb52-4257-9fc8-a7003a7eb87a-1671528554a9bd7de6-0","adb31611-bb52-4257-9fc8-a7003a7eb87a-1671528554a9bd7de6-1","adb31611-bb52-4257-9fc8-a7003a7eb87a-1671528554a9bd7de6-2","adb31611-bb52-4257-9fc8-a7003a7eb87a-1671528554a9bd7de6-3","adb31611-bb52-4257-9fc8-a7003a7eb87a-1671528554a9bd7de6-4","adb31611-bb52-4257-9fc8-a7003a7eb87a-1671528554a9bd7de6-5","ca39440e-a4cb-439b-bec1-9dd9a54948c7","a6b8dbc7-19c6-43c3-a6bb-f90c47881481"],"disabled":true,"settings":{"title":"Popular Categories","sub_title":"","content":"","text_size":"small","style_title":"style_1","num_p_qty":true,"use-slider":true,"slides-To-Scroll":1,"visible":6,"widescreen":6,"desktop":6,"laptop":6,"notebook":5,"tablet":4,"landscape":3,"portrait":2,"mobile":1,"rows":1,"autoplay":false,"speed":"300","autoplay-Speed":"6000","arrows":false,"fade":false,"center-Mode":false,"adaptive-Height":false,"dots":false,"infinite":false,"padding":10,"vertical":false,"layout":"container","cl_bg":"#f6f7f9","mg":",,,","pd":",,60px,","mg_mb":",,,","pd_mb":",,30px,"}},"3b396d63-312d-415e-b7f7-8165d39c2c99":{"type":"product-countdown-banner-style2","blocks":{"28a28912-5864-4fe0-bc7a-f8df11bab095":{"type":"product","settings":{"product":"google-pixel-7-5g-android-smartphone-128gb","total":18,"available":3}},"d05831e3-856f-4afd-8f10-5544d518c2cb":{"type":"product","settings":{"product":"google-pixel-7a-5g-android-smartphone-128gb","total":16,"available":2}},"39b43c9e-f37d-45b0-b726-1dc30102aad7":{"type":"product","settings":{"product":"google-pixel-6-5g-android-smartphone-snow-128gb","total":10,"available":1}},"e3adfcb3-3a87-4d92-b49b-d16167154b45":{"type":"product","settings":{"product":"google-pixel-6-pro-5g-android-smartphone-128gb","total":7,"available":1}},"32903553-de34-41d6-b835-1a598e992e19":{"type":"product","settings":{"product":"proenza-schouler-white-label-12","total":100,"available":50}},"d433642c-b63c-407c-b542-6dd143f41a15":{"type":"product","settings":{"product":"proenza-schouler-white-label-11","total":100,"available":39}},"06987a76-5398-40b0-acf3-1089fa0be522":{"type":"product","settings":{"product":"proenza-schouler-white-label-10","total":100,"available":40}},"c6de93d5-e7c1-4974-8fd7-2242a0501436":{"type":"product","settings":{"product":"proenza-schouler-white-label-9","total":100,"available":51}},"product_LyPQxb":{"type":"product","settings":{"product":"","total":100,"available":15}},"product_kDR7AP":{"type":"product","settings":{"product":"","total":100,"available":15}}},"block_order":["28a28912-5864-4fe0-bc7a-f8df11bab095","d05831e3-856f-4afd-8f10-5544d518c2cb","39b43c9e-f37d-45b0-b726-1dc30102aad7","e3adfcb3-3a87-4d92-b49b-d16167154b45","32903553-de34-41d6-b835-1a598e992e19","d433642c-b63c-407c-b542-6dd143f41a15","06987a76-5398-40b0-acf3-1089fa0be522","c6de93d5-e7c1-4974-8fd7-2242a0501436","product_LyPQxb","product_kDR7AP"],"settings":{"title":"Hot Deals! <span><b>Get our best prices<\/b><\/span>","text_size":"small","use_banner":false,"link_img":"shopify:\/\/collections\/google-pixels","open_link":"_blank","show_stock_bar":true,"status_bg":"#f3f4f6","sold_bg":"#ef262c","show_countdown":true,"title_count_down":"Hurry up! Offers ends in:","year_count_down":"yyyy","month_count_down":"mm","day_count_down":"dd","bg_text_countdown":"#dd3842","cl_number_countdown":"#ffffff","use-slider":true,"slides-To-Scroll":1,"visible":4,"widescreen":4,"desktop":4,"laptop":4,"notebook":4,"tablet":4,"landscape":2,"portrait":2,"mobile":1,"rows":1,"autoplay":false,"speed":"300","autoplay-Speed":"3000","arrows":true,"fade":false,"center-Mode":false,"adaptive-Height":false,"dots":false,"infinite":false,"padding":10,"vertical":false,"layout":"container","cl_bg":"#f6f7f9","mg":"","pd":",,55px","mg_mb":"","pd_mb":",,15px"}},"tab_product_style3_jNUxzN":{"type":"tab-product-style3","blocks":{"col_kwNLT3":{"type":"col","settings":{"title":"Our Featured Cellection","collection":"featured"}}},"block_order":["col_kwNLT3"],"settings":{"title":"Featured Smartphones","text_size":"small","max_count":5,"style_product":"1","use-slider":true,"slides-To-Scroll":1,"visible":5,"widescreen":5,"desktop":5,"laptop":5,"notebook":5,"tablet":4,"landscape":3,"portrait":2,"mobile":1,"rows":1,"autoplay":false,"speed":"300","autoplay-Speed":"3000","arrows":true,"fade":false,"center-Mode":false,"adaptive-Height":false,"dots":false,"infinite":false,"padding":10,"vertical":false,"show_view_all":false,"layout":"container","cl_bg":"#f6f7f9","mg":",,60px,","pd":"","mg_mb":",,15px,","pd_mb":""}},"about_us_df7Nh6":{"type":"about-us","blocks":{"heading_F3Y6kL":{"type":"heading","settings":{"title":"Make the Cellect Swap","sub_title":"Join the Pixel Family"}},"image_gwD8Uc":{"type":"image","settings":{"image":"shopify:\/\/shop_images\/image_2024-04-19_215730575.png","use_border":true,"video_url":"https:\/\/www.youtube.com\/watch?v=iI71LtqxN_A"}}},"block_order":["heading_F3Y6kL","image_gwD8Uc"],"disabled":true,"settings":{"hidden":false,"cl_bg":"#ffffff","layout":"container","mg":"30px,,,","pd":"","mg_mb":"","pd_mb":""}},"0aeb7d8f-1a26-4cff-b8db-6db5f9778718":{"type":"Image-cards","blocks":{"0aeb7d8f-1a26-4cff-b8db-6db5f9778718-16757002008d76a97f-0":{"type":"banner_img","settings":{"image_sl":"shopify:\/\/shop_images\/1_7b6a48e4-09aa-4819-84a2-2bad7e6ed4f2.png","col":"33%","link_img":"shopify:\/\/collections\/samsung","open_link":"_blank","hidden_content":false,"h_position":"left","v_position":"middle","txt_align":"left"}},"f44dbee2-0503-4553-9c7b-0bba85c5cc02":{"type":"hd","settings":{"hide":false,"title":"Samsung A34","color":"#ffffff","fw_text":500,"fs_text":22,"lh_text":30,"ls_text":"0","text_transform":"none","first_mark":false,"last_mark":false,"custom_mark":"","color_mark":"","mg_bottom":0,"mobile_font_text":12,"mobile_mg_bottom":0}},"4a2022da-c2ce-4e70-b45c-451f5b36cce6":{"type":"hd","settings":{"hide":false,"title":"Save 20%","color":"#ffffff","fw_text":600,"fs_text":22,"lh_text":30,"ls_text":"0","text_transform":"none","first_mark":true,"last_mark":false,"custom_mark":"2","color_mark":"#ffc600","mg_bottom":25,"mobile_font_text":16,"mobile_mg_bottom":10}},"d8b84e64-f4d5-4d0a-a65e-d9ed69b70c91":{"type":"txt","settings":{"title":"Limited Offer","color":"#ffffff","fw_text":500,"fs_text":14,"lh_text":17,"text_transform":"none","ls_text":0,"mg_bottom":0,"hide":false,"mobile_font_text":14,"mobile_mg_bottom":0}},"0aeb7d8f-1a26-4cff-b8db-6db5f9778718-16757002008d76a97f-1":{"type":"banner_img","settings":{"image_sl":"shopify:\/\/shop_images\/2_776bedee-a162-4401-8423-a16870695ec5.png","col":"33%","link_img":"shopify:\/\/products\/google-pixel-6-pro-5g-android-smartphone-128gb","open_link":"_blank","hidden_content":false,"h_position":"left","v_position":"middle","txt_align":"left"}},"1af5b54a-2beb-4e20-b1e7-631ba6ebf292":{"type":"hd","settings":{"hide":false,"title":"Trending","color":"#ffffff","fw_text":500,"fs_text":22,"lh_text":30,"ls_text":"0","text_transform":"none","first_mark":false,"last_mark":false,"custom_mark":"","color_mark":"","mg_bottom":0,"mobile_font_text":12,"mobile_mg_bottom":0}},"f735058e-8d27-4b58-b224-8099f08e1331":{"type":"hd","settings":{"hide":false,"title":"Google Pixel 6","color":"#ffffff","fw_text":500,"fs_text":22,"lh_text":30,"ls_text":"0","text_transform":"none","first_mark":false,"last_mark":false,"custom_mark":"","color_mark":"","mg_bottom":25,"mobile_font_text":16,"mobile_mg_bottom":10}},"0fda241f-5173-4744-b8c1-14a43f36622f":{"type":"txt","settings":{"title":"Order Now","color":"#ffffff","fw_text":500,"fs_text":14,"lh_text":17,"text_transform":"none","ls_text":0,"mg_bottom":0,"hide":false,"mobile_font_text":14,"mobile_mg_bottom":0}},"0aeb7d8f-1a26-4cff-b8db-6db5f9778718-16757002008d76a97f-2":{"type":"banner_img","settings":{"image_sl":"shopify:\/\/shop_images\/3.png","col":"33%","link_img":"shopify:\/\/collections\/samsung","open_link":"_blank","hidden_content":false,"h_position":"left","v_position":"middle","txt_align":"left"}},"61baf30c-d0e0-4ee5-aca8-7a3f4f46a9df":{"type":"hd","settings":{"hide":false,"title":"Samsung S21","color":"#ffffff","fw_text":500,"fs_text":22,"lh_text":30,"ls_text":"0","text_transform":"none","first_mark":false,"last_mark":false,"custom_mark":"","color_mark":"","mg_bottom":0,"mobile_font_text":12,"mobile_mg_bottom":0}},"36a5fd15-70d3-443f-af87-96d454791474":{"type":"hd","settings":{"hide":false,"title":"Save 15%","color":"#ffffff","fw_text":500,"fs_text":22,"lh_text":30,"ls_text":"0","text_transform":"none","first_mark":true,"last_mark":false,"custom_mark":"2","color_mark":"#ffc600","mg_bottom":25,"mobile_font_text":16,"mobile_mg_bottom":10}},"93d28e27-4b2f-4d64-8957-30cc670cbf7d":{"type":"txt","settings":{"title":"Buy Now","color":"#ffffff","fw_text":500,"fs_text":14,"lh_text":17,"text_transform":"none","ls_text":0,"mg_bottom":0,"hide":false,"mobile_font_text":14,"mobile_mg_bottom":0}}},"block_order":["0aeb7d8f-1a26-4cff-b8db-6db5f9778718-16757002008d76a97f-0","f44dbee2-0503-4553-9c7b-0bba85c5cc02","4a2022da-c2ce-4e70-b45c-451f5b36cce6","d8b84e64-f4d5-4d0a-a65e-d9ed69b70c91","0aeb7d8f-1a26-4cff-b8db-6db5f9778718-16757002008d76a97f-1","1af5b54a-2beb-4e20-b1e7-631ba6ebf292","f735058e-8d27-4b58-b224-8099f08e1331","0fda241f-5173-4744-b8c1-14a43f36622f","0aeb7d8f-1a26-4cff-b8db-6db5f9778718-16757002008d76a97f-2","61baf30c-d0e0-4ee5-aca8-7a3f4f46a9df","36a5fd15-70d3-443f-af87-96d454791474","93d28e27-4b2f-4d64-8957-30cc670cbf7d"],"settings":{"hidden":true,"h_des":"180px","h_tb":"180px","h_mb":"180px","item_gap":20,"full_width":false,"cl_bg":"#f6f7f9","mg":"","pd":",,20px","mg_mb":"","pd_mb":",,20px"}},"7d56503d-2e71-45d9-9a62-a9d96abf1020":{"type":"Image-cards","blocks":{"template--20044543983901__7d56503d-2e71-45d9-9a62-a9d96abf1020-banner_img-1":{"type":"banner_img","settings":{"image_sl":"shopify:\/\/shop_images\/BOTTOM_BANNERS_e9fe47a3-e3bc-4d21-887a-adc8a220ac2e.png","col":"50%","link_img":"shopify:\/\/products\/google-pixel-8-5g-andrioid-smartphone-128gb","open_link":"_self","hidden_content":false,"h_position":"left","v_position":"top","txt_align":"left"}},"bdbf31fb-926c-4d7e-bd47-7f0f274ef593":{"type":"subhd","settings":{"hide":false,"title":"<b>The All New<\/b>","color":"#ffc000","fw_text":400,"fs_text":16,"lh_text":0,"ls_text":0,"text_transform":"capitalize","first_mark":false,"last_mark":false,"custom_mark":"","color_mark":"","mg_bottom":15,"mobile_font_text":14,"mobile_mg_bottom":15}},"f916ea08-3652-402b-930b-830027830f8a":{"type":"hd","settings":{"hide":false,"title":"<b>Google Pixel 8<\/b> Has <br>\nArrived","color":"#ffffff","fw_text":500,"fs_text":24,"lh_text":0,"ls_text":"0","text_transform":"capitalize","first_mark":false,"last_mark":false,"custom_mark":"","color_mark":"","mg_bottom":20,"mobile_font_text":20,"mobile_mg_bottom":15}},"d6d28082-eb11-4bf5-86da-f411518077f5":{"type":"txt","settings":{"title":"Available Now: Store-Wide Sale","color":"#ffffff","fw_text":400,"fs_text":16,"lh_text":0,"text_transform":"none","ls_text":0,"mg_bottom":0,"hide":false,"mobile_font_text":14,"mobile_mg_bottom":0}},"template--20044543983901__7d56503d-2e71-45d9-9a62-a9d96abf1020-banner_img-2":{"type":"banner_img","settings":{"image_sl":"shopify:\/\/shop_images\/2_776bedee-a162-4401-8423-a16870695ec5.png","col":"50%","link_img":"shopify:\/\/products\/google-pixel-6-pro-5g-android-smartphone-128gb","open_link":"_blank","hidden_content":false,"h_position":"left","v_position":"top","txt_align":"left"}},"5e90ec72-7592-4ae9-9aed-8aa9a9eb336e":{"type":"subhd","settings":{"hide":false,"title":"<b> Now Trending<\/b>","color":"#ffffff","fw_text":400,"fs_text":16,"lh_text":0,"ls_text":0,"text_transform":"capitalize","first_mark":false,"last_mark":false,"custom_mark":"","color_mark":"","mg_bottom":15,"mobile_font_text":14,"mobile_mg_bottom":10}},"7734f974-e77a-4e8b-9f46-aaff897e334a":{"type":"hd","settings":{"hide":false,"title":"Google Pixel <br> 6 Pro","color":"#ffffff","fw_text":500,"fs_text":24,"lh_text":0,"ls_text":"0","text_transform":"none","first_mark":false,"last_mark":false,"custom_mark":"","color_mark":"","mg_bottom":20,"mobile_font_text":20,"mobile_mg_bottom":15}},"99e02d6a-b0fc-4d82-b4ee-1539a9a674f9":{"type":"txt","settings":{"title":"Cellect Exclusive: Limited Offer","color":"#ffffff","fw_text":400,"fs_text":14,"lh_text":0,"text_transform":"none","ls_text":0,"mg_bottom":0,"hide":false,"mobile_font_text":14,"mobile_mg_bottom":0}}},"block_order":["template--20044543983901__7d56503d-2e71-45d9-9a62-a9d96abf1020-banner_img-1","bdbf31fb-926c-4d7e-bd47-7f0f274ef593","f916ea08-3652-402b-930b-830027830f8a","d6d28082-eb11-4bf5-86da-f411518077f5","template--20044543983901__7d56503d-2e71-45d9-9a62-a9d96abf1020-banner_img-2","5e90ec72-7592-4ae9-9aed-8aa9a9eb336e","7734f974-e77a-4e8b-9f46-aaff897e334a","99e02d6a-b0fc-4d82-b4ee-1539a9a674f9"],"settings":{"hidden":false,"h_des":"200px","h_tb":"200px","h_mb":"150px","item_gap":20,"full_width":false,"cl_bg":"#f6f7f9","mg":"","pd":",,60px,","mg_mb":"","pd_mb":",,30px,"}},"tab_product_style3_rAzbY3":{"type":"tab-product-style3","blocks":{"col_cqwWJ9":{"type":"col","settings":{"title":"Our Pixel Range","collection":"google-pixels"}}},"block_order":["col_cqwWJ9"],"settings":{"title":"Shop Google Pixels","text_size":"small","max_count":10,"style_product":"1","use-slider":true,"slides-To-Scroll":1,"visible":5,"widescreen":6,"desktop":6,"laptop":6,"notebook":5,"tablet":4,"landscape":3,"portrait":2,"mobile":1,"rows":1,"autoplay":false,"speed":"300","autoplay-Speed":"3000","arrows":true,"fade":false,"center-Mode":false,"adaptive-Height":false,"dots":false,"infinite":false,"padding":10,"vertical":false,"show_view_all":false,"layout":"container","cl_bg":"#f6f7f9","mg":",,60px,","pd":"","mg_mb":",,15px,","pd_mb":""}},"85f71d4e-a5d9-4134-855a-33b3f4c90015":{"type":"tab-product-style3","blocks":{"col_aNxV97":{"type":"col","settings":{"title":"iPhones","collection":"iphone"}},"85f71d4e-a5d9-4134-855a-33b3f4c90015-16732396768febf287-1":{"type":"col","settings":{"title":"S Series","collection":"samsung"}},"85f71d4e-a5d9-4134-855a-33b3f4c90015-16732396768febf287-2":{"type":"col","settings":{"title":"A Series","collection":"laptop-ipad"}}},"block_order":["col_aNxV97","85f71d4e-a5d9-4134-855a-33b3f4c90015-16732396768febf287-1","85f71d4e-a5d9-4134-855a-33b3f4c90015-16732396768febf287-2"],"disabled":true,"settings":{"title":"New Releases","text_size":"small","max_count":12,"style_product":"1","use-slider":true,"slides-To-Scroll":1,"visible":7,"widescreen":7,"desktop":7,"laptop":6,"notebook":5,"tablet":4,"landscape":3,"portrait":2,"mobile":1,"rows":1,"autoplay":false,"speed":"300","autoplay-Speed":"3000","arrows":true,"fade":false,"center-Mode":false,"adaptive-Height":false,"dots":false,"infinite":false,"padding":10,"vertical":false,"show_view_all":false,"layout":"container","cl_bg":"#f6f7f9","mg":",,60px,","pd":"","mg_mb":",,15px,","pd_mb":""}},"c0299724-dfbc-43bd-bd79-f6a42c805ec3":{"type":"text-horizontal-running","blocks":{"template--20044543983901__c0299724-dfbc-43bd-bd79-f6a42c805ec3-text-1":{"type":"text","disabled":true,"settings":{"text":"<span style=\"color: white; font-size: [desired font size]px; **font-weight: bold;**\">Up to 50% off on select smartphones!<\/span>","url":"","open_link":"_blank"}},"text_7tJqDJ":{"type":"text","settings":{"text":"<span style=\"color: white; font-size: [desired font size]px;\">UP TO 40% OFF ON SELECT SMARTPHONES!<\/span>","url":"","open_link":"_blank"}}},"block_order":["template--20044543983901__c0299724-dfbc-43bd-bd79-f6a42c805ec3-text-1","text_7tJqDJ"],"settings":{"layout":false,"cl_bg":"#263c97","mg":",,,","pd":"","mg_mb":",,,","pd_mb":""}},"tab_product_style3_PUFjP8":{"type":"tab-product-style3","blocks":{"col_pwRhJ9":{"type":"col","settings":{"title":"Our Best Prices","collection":"on-sale"}}},"block_order":["col_pwRhJ9"],"settings":{"title":"On Sale Right Now","text_size":"small","max_count":12,"style_product":"1","use-slider":true,"slides-To-Scroll":1,"visible":5,"widescreen":5,"desktop":5,"laptop":5,"notebook":5,"tablet":4,"landscape":3,"portrait":2,"mobile":1,"rows":1,"autoplay":false,"speed":"300","autoplay-Speed":"3000","arrows":true,"fade":false,"center-Mode":false,"adaptive-Height":false,"dots":false,"infinite":false,"padding":10,"vertical":false,"show_view_all":false,"layout":"container","cl_bg":"#f6f7f9","mg":",,60px,","pd":"","mg_mb":",,15px,","pd_mb":""}},"f472932f-a85b-4e16-87d9-d65b6cc316aa":{"type":"featured_blog","disabled":true,"settings":{"hidden":false,"title":"Blog Posts","text_size":"small","blog":"technology","show-cate-blog":true,"show-post-info":true,"show-name-blog":true,"show-description":true,"show-read_more":true,"use-slider":true,"slides-To-Scroll":1,"visible":4,"widescreen":4,"desktop":4,"laptop":4,"notebook":3,"tablet":3,"landscape":2,"portrait":1,"mobile":1,"rows":1,"autoplay":false,"speed":"300","autoplay-Speed":"3000","arrows":true,"fade":false,"center-Mode":false,"adaptive-Height":false,"dots":false,"infinite":false,"padding":10,"vertical":false,"layout":"container","use_eq_height":false,"image_ratio":"ratio2_1","cl_bg":"#f6f7f9","mg":",,,","pd":",,60px,","mg_mb":",,,","pd_mb":",,15px,"}},"c65e73c7-47d4-4e05-8686-5453cd95ef55":{"type":"brand-list","blocks":{"template--20044543983901__c65e73c7-47d4-4e05-8686-5453cd95ef55-brand-1":{"type":"brand","settings":{"url":"#","open_link":"_blank"}},"template--20044543983901__c65e73c7-47d4-4e05-8686-5453cd95ef55-brand-2":{"type":"brand","settings":{"url":"#","open_link":"_blank"}},"template--20044543983901__c65e73c7-47d4-4e05-8686-5453cd95ef55-brand-3":{"type":"brand","settings":{"url":"#","open_link":"_blank"}},"template--20044543983901__c65e73c7-47d4-4e05-8686-5453cd95ef55-brand-4":{"type":"brand","settings":{"url":"#","open_link":"_blank"}},"template--20044543983901__c65e73c7-47d4-4e05-8686-5453cd95ef55-brand-5":{"type":"brand","settings":{"url":"#","open_link":"_blank"}},"template--20044543983901__c65e73c7-47d4-4e05-8686-5453cd95ef55-brand-6":{"type":"brand","settings":{"url":"#","open_link":"_blank"}}},"block_order":["template--20044543983901__c65e73c7-47d4-4e05-8686-5453cd95ef55-brand-1","template--20044543983901__c65e73c7-47d4-4e05-8686-5453cd95ef55-brand-2","template--20044543983901__c65e73c7-47d4-4e05-8686-5453cd95ef55-brand-3","template--20044543983901__c65e73c7-47d4-4e05-8686-5453cd95ef55-brand-4","template--20044543983901__c65e73c7-47d4-4e05-8686-5453cd95ef55-brand-5","template--20044543983901__c65e73c7-47d4-4e05-8686-5453cd95ef55-brand-6"],"disabled":true,"settings":{"hidden":false,"show_border_top":true,"use-slider":true,"slides-To-Scroll":1,"visible":6,"widescreen":6,"desktop":6,"laptop":6,"notebook":5,"tablet":4,"landscape":3,"portrait":2,"mobile":2,"rows":1,"autoplay":true,"speed":"300","autoplay-Speed":"3000","arrows":true,"fade":false,"center-Mode":false,"adaptive-Height":false,"dots":false,"infinite":false,"padding":10,"vertical":false,"show_view_all":false,"layout":false,"cl_bg":"#f6f7f9","mg":"","pd":"20px,,20px,","mg_mb":"","pd_mb":"10px,,10px,"}},"aa1c9bd2-872b-4409-8d07-dc5133fe386c":{"type":"Image-with-text-overlay","blocks":{"aa1c9bd2-872b-4409-8d07-dc5133fe386c-1675674626d2b6eff2-0":{"type":"banner_img","settings":{"link_img":"shopify:\/\/collections\/accessories","open_link":"_blank","hidden_content":false,"h_position":"left","v_position":"middle","txt_align":"left"}},"f3f82561-7b6c-4fb8-8b20-30a8e2d61b85":{"type":"hd","settings":{"hide":false,"title":"Apply card today and get discount","color":"#ffffff","fw_text":700,"fs_text":14,"lh_text":18,"ls_text":"0","text_transform":"uppercase","first_mark":false,"last_mark":true,"custom_mark":"5","color_mark":"#ffc600","mg_bottom":5,"mobile_font_text":14,"mobile_mg_bottom":5}},"cb5f3443-127d-4149-837f-c8552808cde8":{"type":"txt","settings":{"title":"In rewards on your first day of purchase when you are approved for the card.","color":"#a5b5bc","fw_text":500,"fs_text":14,"lh_text":18,"text_transform":"none","ls_text":0,"mg_bottom":0,"hide":false,"mobile_font_text":14,"mobile_mg_bottom":0}}},"block_order":["aa1c9bd2-872b-4409-8d07-dc5133fe386c-1675674626d2b6eff2-0","f3f82561-7b6c-4fb8-8b20-30a8e2d61b85","cb5f3443-127d-4149-837f-c8552808cde8"],"disabled":true,"settings":{"hidden":false,"h_des":"88px","h_tb":"88px","h_mb":"166px","full_width":false,"cl_bg":"rgba(0,0,0,0)","mg":",,60px,","pd":"","mg_mb":",,15px,","pd_mb":""}},"75929173-c6ba-402c-9db1-6b972c6f416f":{"type":"benefit","blocks":{"b7c67b8d-f316-48cf-a45d-a4435f6abef0":{"type":"shipping","settings":{"icon":"fa fa-truck","icon_svg":"<svg width=\"21\" height=\"26\" viewbox=\"0 0 21 26\" fill=\"none\" xmlns=\"http:\/\/www.w3.org\/2000\/svg\">\n<path d=\"M7.5999 19.6001L3.68862 24.6289C3.57111 24.78 3.67878 25.0001 3.87017 25.0001H5.70026C5.76383 25.0001 5.82457 24.9738 5.86805 24.9274L9.19548 21.3781C9.29873 21.268 9.4783 21.2855 9.55831 21.4136L11.7999 25.0001\" stroke=\"#fcbe00\" stroke-width=\"1.5\" stroke-linecap=\"round\"><\/path>\n<path d=\"M18.062 18.443L17.6114 17.8434L18.062 18.443ZM1.01352 8.18184L0.264562 8.14229L1.01352 8.18184ZM1.69442 5.1529L2.38638 5.4422L1.69442 5.1529ZM2.56801 4.86425L2.18125 5.50683L2.56801 4.86425ZM20.0979 16.2296L19.4629 15.8305L20.0979 16.2296ZM19.8678 15.2767L20.2545 14.6341L19.8678 15.2767ZM16 2.8L16.7161 2.57696L16.5229 1.9567L15.8814 2.05944L16 2.8ZM18.8852 14.5846L19.1082 15.3006L20.5404 14.8546L20.3173 14.1385L18.8852 14.5846ZM10.7875 9.0787L10.3635 9.69735L11.6008 10.5454L12.0248 9.92671L10.7875 9.0787ZM15.1859 0.35688C14.8307 0.143769 14.37 0.258943 14.1569 0.614128C13.9438 0.969313 14.0589 1.43001 14.4141 1.64312L15.1859 0.35688ZM17.4141 3.44312C17.7693 3.65623 18.23 3.54106 18.4431 3.18587C18.6562 2.83069 18.5411 2.36999 18.1859 2.15688L17.4141 3.44312ZM3.11614 4.10384L2.37557 4.22245L2.61278 5.70357L3.35334 5.58497L3.11614 4.10384ZM19.4629 15.8305C18.9731 16.6098 18.3486 17.2894 17.6114 17.8434L18.5125 19.0426C19.3965 18.3783 20.1458 17.5627 20.7329 16.6288L19.4629 15.8305ZM17.6114 17.8434C16.7053 18.5244 15.6426 19.0052 14.4804 19.2542L14.7947 20.7209C16.1614 20.428 17.4259 19.8591 18.5125 19.0426L17.6114 17.8434ZM14.4804 19.2542C13.3177 19.5034 12.0771 19.5159 10.829 19.2849L10.556 20.7599C11.9879 21.0249 13.4284 21.0137 14.7947 20.7209L14.4804 19.2542ZM10.829 19.2849C9.58067 19.0539 8.35172 18.5842 7.21419 17.8995L6.44066 19.1847C7.72642 19.9585 9.12417 20.4949 10.556 20.7599L10.829 19.2849ZM7.21419 17.8995C6.07665 17.2148 5.05595 16.3305 4.21146 15.2974L3.0501 16.2467C4.00316 17.4126 5.1549 18.4108 6.44066 19.1847L7.21419 17.8995ZM4.21146 15.2974C3.36697 14.2643 2.71756 13.1056 2.29824 11.8895L0.880179 12.3785C1.359 13.7671 2.09705 15.0808 3.0501 16.2467L4.21146 15.2974ZM2.29824 11.8895C1.87895 10.6736 1.69883 9.4269 1.76248 8.22138L0.264562 8.14229C0.19021 9.55058 0.401331 10.9898 0.880179 12.3785L2.29824 11.8895ZM1.76248 8.22138C1.81424 7.24088 2.02638 6.30326 2.38638 5.4422L1.00246 4.8636C0.573671 5.88919 0.325061 6.99638 0.264562 8.14229L1.76248 8.22138ZM2.38638 5.4422C2.37682 5.46505 2.34674 5.50047 2.29723 5.51637C2.25047 5.53138 2.20689 5.52226 2.18125 5.50683L2.95477 4.22166C2.25196 3.79865 1.33231 4.07466 1.00246 4.8636L2.38638 5.4422ZM20.7329 16.6288C21.1689 15.9351 20.9199 15.0345 20.2545 14.6341L19.481 15.9193C19.4585 15.9057 19.4527 15.8902 19.4513 15.8845C19.4493 15.8765 19.4478 15.8545 19.4629 15.8305L20.7329 16.6288ZM2.18125 5.50683L19.481 15.9193L20.2545 14.6341L2.95477 4.22166L2.18125 5.50683ZM15.2839 3.02304L18.8852 14.5846L20.3173 14.1385L16.7161 2.57696L15.2839 3.02304ZM12.0248 9.92671L16.6186 3.224L15.3814 2.376L10.7875 9.0787L12.0248 9.92671ZM14.4141 1.64312L17.4141 3.44312L18.1859 2.15688L15.1859 0.35688L14.4141 1.64312ZM3.35334 5.58497L16.1186 3.54056L15.8814 2.05944L3.11614 4.10384L3.35334 5.58497Z\" fill=\"#fcbe00\"><\/path>\n<\/svg>","title":"Free Delivery","text":"For all orders over $120"}},"ec19a163-6499-4bf1-a783-65f592d415ec":{"type":"shipping","settings":{"icon":"fa fa-truck","icon_svg":"<svg width=\"24\" height=\"24\" viewbox=\"0 0 24 24\" fill=\"none\" xmlns=\"http:\/\/www.w3.org\/2000\/svg\">\n<path d=\"M1 11.3125V6.25C1 4.86929 2.11929 3.75 3.5 3.75H5.8125H7.01562M20.25 7.53125V6.25C20.25 4.86929 19.1307 3.75 17.75 3.75H15.4375\" stroke=\"#fcbe00\" stroke-width=\"1.5\"><\/path>\n<path d=\"M1 13.375H4.4375C5.57659 13.375 6.5 14.2984 6.5 15.4375V15.4375C6.5 16.5766 5.57659 17.5 4.4375 17.5H1V13.375Z\" stroke=\"#fcbe00\" stroke-width=\"1.5\"><\/path>\n<path d=\"M5.125 7.1875L7.07354 1.34189C7.1416 1.13771 7.33266 1 7.54788 1H15.4621C15.7943 1 16.0342 1.31795 15.9429 1.63736L14.75 5.8125L14.0625 7.875\" stroke=\"#fcbe00\" stroke-width=\"1.5\" stroke-linecap=\"round\"><\/path>\n<path d=\"M15.4375 23H3.8C2.2536 23 1 21.7464 1 20.2V10.675C1 9.1286 2.2536 7.875 3.8 7.875H20.2C21.7464 7.875 23 9.1286 23 10.675V20.2C23 21.7464 21.7464 23 20.2 23H16.8289H15.0437\" stroke=\"#fcbe00\" stroke-width=\"1.5\"><\/path>\n<\/svg>","title":"Safe Payment","text":"100% secure payment"}},"f4f5df6c-0b0a-4a8d-8410-d06cd0e6a347":{"type":"shipping","settings":{"icon":"fa fa-truck","icon_svg":"<svg width=\"28\" height=\"26\" viewbox=\"0 0 28 26\" fill=\"none\" xmlns=\"http:\/\/www.w3.org\/2000\/svg\">\n<path d=\"M5.95714 17.1751V17.1751C4.56278 17.4417 3.21515 16.5278 2.94712 15.1337L1.49398 7.57539C1.20201 6.0568 2.19523 4.59054 3.7141 4.30006C5.84956 3.89167 8.8161 3.32434 11.0642 2.89441C13.3382 2.45952 16.3579 1.93862 18.5073 1.57549C20.0034 1.32272 21.4228 2.31414 21.7092 3.80416C21.8101 4.32882 21.9181 4.89047 22.0257 5.44992\" stroke=\"#fcbe00\" stroke-width=\"1.5\" stroke-linecap=\"round\"><\/path>\n<path d=\"M6.10693 9.6801V18.9102C6.10693 20.3262 7.25788 21.4741 8.67764 21.4741H8.992C9.52827 21.4741 9.96299 21.9088 9.96299 22.4451C9.96299 23.5022 10.0524 25.0661 11.112 25.0365C11.8308 25.0164 12.0877 24.14 12.4786 23.5381L12.991 22.749C13.5074 21.9539 14.3912 21.4741 15.3393 21.4741H23.0736C25.0613 21.4741 26.6726 19.8673 26.6726 17.8849V9.76549C26.6726 7.82707 25.4022 6.13737 23.4592 6.09062C21.3657 6.04023 18.4467 6.09063 16.3898 6.09063H9.70539C7.71772 6.09063 6.10693 7.69769 6.10693 9.6801Z\" stroke=\"#fcbe00\" stroke-width=\"1.5\" stroke-linecap=\"round\"><\/path>\n<ellipse cx=\"11.2482\" cy=\"13.7825\" rx=\"1.28535\" ry=\"1.28195\" fill=\"#fcbe00\"><\/ellipse>\n<ellipse cx=\"16.3898\" cy=\"13.7825\" rx=\"1.28535\" ry=\"1.28195\" fill=\"#fcbe00\"><\/ellipse>\n<ellipse cx=\"21.531\" cy=\"13.7825\" rx=\"1.28535\" ry=\"1.28195\" fill=\"#fcbe00\"><\/ellipse>\n<\/svg>","title":"24\/7 Help Center","text":"Dedicated 24\/7 support"}},"1220afe4-4bb9-416b-90f3-8cf7fdff0816":{"type":"shipping","settings":{"icon":"fa fa-truck","icon_svg":"<div class=\"icon icon_svg\">\n                      \n                          <svg width=\"23\" height=\"24\" viewbox=\"0 0 23 24\" fill=\"none\" xmlns=\"http:\/\/www.w3.org\/2000\/svg\">\n<path d=\"M20.8916 19.0584L9.06588 19.2219C4.62937 19.2832 1 15.7037 1 11.2667V11.2667\" stroke=\"#fcbe00\" stroke-width=\"1.5\" stroke-linecap=\"round\"><\/path>\n<rect x=\"1\" y=\"2.46698\" width=\"20.5333\" height=\"20.5333\" rx=\"2.8\" stroke=\"#fcbe00\" stroke-width=\"1.5\"><\/rect>\n<path d=\"M6.86621 3.93333V1\" stroke=\"#fcbe00\" stroke-width=\"1.5\" stroke-linecap=\"round\"><\/path>\n<path d=\"M15.667 3.93333V1\" stroke=\"#fcbe00\" stroke-width=\"1.5\" stroke-linecap=\"round\"><\/path>\n<line x1=\"5.59961\" y1=\"13.1747\" x2=\"11.7996\" y2=\"13.1747\" stroke=\"#fcbe00\" stroke-width=\"1.5\" stroke-linecap=\"round\"><\/line>\n<line x1=\"5.59961\" y1=\"9.32483\" x2=\"14.3663\" y2=\"9.32483\" stroke=\"#fcbe00\" stroke-width=\"1.5\" stroke-linecap=\"round\"><\/line>\n<\/svg>\n                         \n                      <\/div>","title":"Friendly Services","text":"30 day satisfaction guarantee"}}},"block_order":["b7c67b8d-f316-48cf-a45d-a4435f6abef0","ec19a163-6499-4bf1-a783-65f592d415ec","f4f5df6c-0b0a-4a8d-8410-d06cd0e6a347","1220afe4-4bb9-416b-90f3-8cf7fdff0816"],"disabled":true,"settings":{"hidden":false,"source":"3","style":"horizontal","col_pr":"3","col_pr_tb":"6","col_pr_mb":"6","layout":"container","cl_bg":"#ffffff","cl_heading":"#ffffff","cl_text":"#ffffff","mg":"","pd":"60px,,60px,","mg_mb":"","pd_mb":"30px,,30px,"}}},"order":["165018826364c02d6a","17128287817515ec21","adb31611-bb52-4257-9fc8-a7003a7eb87a","3b396d63-312d-415e-b7f7-8165d39c2c99","tab_product_style3_jNUxzN","about_us_df7Nh6","0aeb7d8f-1a26-4cff-b8db-6db5f9778718","7d56503d-2e71-45d9-9a62-a9d96abf1020","tab_product_style3_rAzbY3","85f71d4e-a5d9-4134-855a-33b3f4c90015","c0299724-dfbc-43bd-bd79-f6a42c805ec3","tab_product_style3_PUFjP8","f472932f-a85b-4e16-87d9-d65b6cc316aa","c65e73c7-47d4-4e05-8686-5453cd95ef55","aa1c9bd2-872b-4409-8d07-dc5133fe386c","75929173-c6ba-402c-9db1-6b972c6f416f"]}