{"sections":{"breadcrumb":{"type":"breadcrumb","settings":{"show_title_page":true,"h_position":"center","v_position":"middle","txt_align":"center","bg_breadcrumb_blog":"shopify:\/\/shop_images\/bg_breadcrumbs.png","bg":"#ffffff","cl_title":"#ffffff","cl_breadcrum":"#ffffff","b_height":190,"mg_bottom":30,"mobile_bg":"#ffffff","mobile_ht":120,"mobile_mg_bottom":15}},"main":{"type":"main-list-collections","blocks":{"e17f4f3e-627e-4cca-9f27-c9b29bf35bca":{"type":"collection","settings":{"collection":"accessories"}},"ed0dab0d-765c-4c18-85fe-12d385e297c1":{"type":"collection","settings":{"collection":"air-conditioners"}},"fef32501-3514-4efb-b3c4-8cae7d0d192d":{"type":"collection","settings":{"collection":"audios-theaters"}},"e35fe0aa-640c-426c-8cd8-7ad5cec60820":{"type":"collection","settings":{"collection":"cameras-photos"}},"3c0c7ba6-d7f1-4ae6-9d8e-d009eb8bd509":{"type":"collection","settings":{"collection":"car-electronics"}},"917067d8-e6b5-414d-815a-7b8d6c57f53c":{"type":"collection","settings":{"collection":"computer-desktop"}},"4e6270a2-b22e-493c-8310-9c317898a33d":{"type":"collection","settings":{"collection":"desktop-pc"}},"18cb8370-51c0-4302-8ea0-cd552536dc90":{"type":"collection","settings":{"collection":"health-beauty"}},"0ea78a7d-5ff3-43f5-8dc4-1fe18e88c0bc":{"type":"collection","settings":{"collection":"laptop-ipad"}},"bc330fdd-0bd5-4422-b2f4-b672dbbea2a4":{"type":"collection","settings":{"collection":"office-electronics"}},"32ef9563-679c-4231-b791-662478c01729":{"type":"collection","settings":{"collection":"refrigerators"}},"e580add1-bcde-47d1-8ba4-897ce807fdfb":{"type":"collection","settings":{"collection":"smart-phones-tablets"}},"66aed635-233d-4279-8f1e-9491833a599e":{"type":"collection","settings":{"collection":"tv-audios"}}},"block_order":["e17f4f3e-627e-4cca-9f27-c9b29bf35bca","ed0dab0d-765c-4c18-85fe-12d385e297c1","fef32501-3514-4efb-b3c4-8cae7d0d192d","e35fe0aa-640c-426c-8cd8-7ad5cec60820","3c0c7ba6-d7f1-4ae6-9d8e-d009eb8bd509","917067d8-e6b5-414d-815a-7b8d6c57f53c","4e6270a2-b22e-493c-8310-9c317898a33d","18cb8370-51c0-4302-8ea0-cd552536dc90","0ea78a7d-5ff3-43f5-8dc4-1fe18e88c0bc","bc330fdd-0bd5-4422-b2f4-b672dbbea2a4","32ef9563-679c-4231-b791-662478c01729","e580add1-bcde-47d1-8ba4-897ce807fdfb","66aed635-233d-4279-8f1e-9491833a599e"],"settings":{"pagination_limit":12,"hoverz":true,"display_type":"all","sort":"alphabetical","use_eq_height":true,"image_ratio":"ratio1_1","cl_bg":"rgba(0,0,0,0)","visible":4,"widescreen":4,"desktop":3,"laptop":3,"notebook":3,"tablet":3,"landscape":2,"portrait":2,"mobile":1,"padding_lr":2.5,"mg":"0,0,60px,0","pd":"","mg_mb":"0,0,40px,0","pd_mb":""}}},"order":["breadcrumb","main"]}