{"sections":{"breadcrumb":{"type":"breadcrumb","settings":{"show_title_page":true,"h_position":"center","v_position":"middle","txt_align":"center","bg":"#ffffff","b_height":190,"mg_bottom":0,"mobile_bg":"#ffffff","mobile_ht":150,"mobile_mg_bottom":0}},"content-faqs":{"type":"content-faqs","blocks":{"346bda0e-133f-4467-a5e1-13cf6c712d17":{"type":"faq","settings":{"title":"Shopping Information","faq_name":"How do I know if my order was successful?","faq_desc":"The perfect way to enjoy brewing tea on low hanging fruit to identify. Duis autem vel eum iriure dolor in hendrerit vulputate velit esse molestie consequat, vel illum dolore eu feugiat nulla facilisis. For me, the most important part of improving at photography has been sharing it. Lorem ipsum dolor sit amet, consectetur adipisicing elit, sed do \neiusmod tempor incididunt ut labore et dolore magna aliqua. Ut enim ad minim veniam, quis nostrud exercitation ullamco laboris nisi ut aliquip ex ea commodo consequat. Duis aute irure dolor in reprehenderit in voluptate velit \nesse cillum dolore eu fugiat nulla pariatur. Excepteur sint occaecat cupidatat non proident, sunt in culpa qui officia \ndeserunt mollit anim id est laborum.","faq_name2":"How do I know if my order was successful?","faq_desc2":"The perfect way to enjoy brewing tea on low hanging fruit to identify. Duis autem vel eum iriure dolor in hendrerit vulputate velit esse molestie consequat, vel illum dolore eu feugiat nulla facilisis. For me, the most important part of improving at photography has been sharing it. Lorem ipsum dolor sit amet, consectetur adipisicing elit, sed do \neiusmod tempor incididunt ut labore et dolore magna aliqua. Ut enim ad minim veniam, quis nostrud exercitation ullamco laboris nisi ut aliquip ex ea commodo consequat. Duis aute irure dolor in reprehenderit in voluptate velit \nesse cillum dolore eu fugiat nulla pariatur. Excepteur sint occaecat cupidatat non proident, sunt in culpa qui officia \ndeserunt mollit anim id est laborum.","faq_name3":"Vestibulum a lorem placerat, porttitor urna vel?","faq_desc3":"The perfect way to enjoy brewing tea on low hanging fruit to identify. Duis autem vel eum iriure dolor in hendrerit vulputate velit esse molestie consequat, vel illum dolore eu feugiat nulla facilisis. For me, the most important part of improving at photography has been sharing it. Lorem ipsum dolor sit amet, consectetur adipisicing elit, sed do \neiusmod tempor incididunt ut labore et dolore magna aliqua. Ut enim ad minim veniam, quis nostrud exercitation ullamco laboris nisi ut aliquip ex ea commodo consequat. Duis aute irure dolor in reprehenderit in voluptate velit \nesse cillum dolore eu fugiat nulla pariatur. Excepteur sint occaecat cupidatat non proident, sunt in culpa qui officia \ndeserunt mollit anim id est laborum.","faq_name4":"Pellentesque habitant morbi tristique senectus et netus?","faq_desc4":"The perfect way to enjoy brewing tea on low hanging fruit to identify. Duis autem vel eum iriure dolor in hendrerit vulputate velit esse molestie consequat, vel illum dolore eu feugiat nulla facilisis. For me, the most important part of improving at photography has been sharing it. Lorem ipsum dolor sit amet, consectetur adipisicing elit, sed do \neiusmod tempor incididunt ut labore et dolore magna aliqua. Ut enim ad minim veniam, quis nostrud exercitation ullamco laboris nisi ut aliquip ex ea commodo consequat. Duis aute irure dolor in reprehenderit in voluptate velit \nesse cillum dolore eu fugiat nulla pariatur. Excepteur sint occaecat cupidatat non proident, sunt in culpa qui officia \ndeserunt mollit anim id est laborum.","faq_name5":"Nam pellentesque aliquam metus?","faq_desc5":"The perfect way to enjoy brewing tea on low hanging fruit to identify. Duis autem vel eum iriure dolor in hendrerit vulputate velit esse molestie consequat, vel illum dolore eu feugiat nulla facilisis. For me, the most important part of improving at photography has been sharing it. Lorem ipsum dolor sit amet, consectetur adipisicing elit, sed do \neiusmod tempor incididunt ut labore et dolore magna aliqua. Ut enim ad minim veniam, quis nostrud exercitation ullamco laboris nisi ut aliquip ex ea commodo consequat. Duis aute irure dolor in reprehenderit in voluptate velit \nesse cillum dolore eu fugiat nulla pariatur. Excepteur sint occaecat cupidatat non proident, sunt in culpa qui officia \ndeserunt mollit anim id est laborum."}},"8704d905-d8ec-4ed4-83cc-f23915e14fb4":{"type":"faq","settings":{"title":"Payment information","faq_name":"How do I know if my order was successful?","faq_desc":"The perfect way to enjoy brewing tea on low hanging fruit to identify. Duis autem vel eum iriure dolor in hendrerit vulputate velit esse molestie consequat, vel illum dolore eu feugiat nulla facilisis. For me, the most important part of improving at photography has been sharing it. Lorem ipsum dolor sit amet, consectetur adipisicing elit, sed do \neiusmod tempor incididunt ut labore et dolore magna aliqua. Ut enim ad minim veniam, quis nostrud exercitation ullamco laboris nisi ut aliquip ex ea commodo consequat. Duis aute irure dolor in reprehenderit in voluptate velit \nesse cillum dolore eu fugiat nulla pariatur. Excepteur sint occaecat cupidatat non proident, sunt in culpa qui officia \ndeserunt mollit anim id est laborum.","faq_name2":"How much is shipping and how long will it take?","faq_desc2":"The perfect way to enjoy brewing tea on low hanging fruit to identify. Duis autem vel eum iriure dolor in hendrerit vulputate velit esse molestie consequat, vel illum dolore eu feugiat nulla facilisis. For me, the most important part of improving at photography has been sharing it. Lorem ipsum dolor sit amet, consectetur adipisicing elit, sed do \neiusmod tempor incididunt ut labore et dolore magna aliqua. Ut enim ad minim veniam, quis nostrud exercitation ullamco laboris nisi ut aliquip ex ea commodo consequat. Duis aute irure dolor in reprehenderit in voluptate velit \nesse cillum dolore eu fugiat nulla pariatur. Excepteur sint occaecat cupidatat non proident, sunt in culpa qui officia \ndeserunt mollit anim id est laborum.","faq_name3":"Pellentesque habitant morbi tristique senectus et netus?","faq_desc3":"The perfect way to enjoy brewing tea on low hanging fruit to identify. Duis autem vel eum iriure dolor in hendrerit vulputate velit esse molestie consequat, vel illum dolore eu feugiat nulla facilisis. For me, the most important part of improving at photography has been sharing it. Lorem ipsum dolor sit amet, consectetur adipisicing elit, sed do \neiusmod tempor incididunt ut labore et dolore magna aliqua. Ut enim ad minim veniam, quis nostrud exercitation ullamco laboris nisi ut aliquip ex ea commodo consequat. Duis aute irure dolor in reprehenderit in voluptate velit \nesse cillum dolore eu fugiat nulla pariatur. Excepteur sint occaecat cupidatat non proident, sunt in culpa qui officia \ndeserunt mollit anim id est laborum.","faq_name4":"How long will it take to get my package?","faq_desc4":"The perfect way to enjoy brewing tea on low hanging fruit to identify. Duis autem vel eum iriure dolor in hendrerit vulputate velit esse molestie consequat, vel illum dolore eu feugiat nulla facilisis. For me, the most important part of improving at photography has been sharing it. Lorem ipsum dolor sit amet, consectetur adipisicing elit, sed do \neiusmod tempor incididunt ut labore et dolore magna aliqua. Ut enim ad minim veniam, quis nostrud exercitation ullamco laboris nisi ut aliquip ex ea commodo consequat. Duis aute irure dolor in reprehenderit in voluptate velit \nesse cillum dolore eu fugiat nulla pariatur. Excepteur sint occaecat cupidatat non proident, sunt in culpa qui officia \ndeserunt mollit anim id est laborum.","faq_name5":"Branding is simply a more efficient way to sell things?","faq_desc5":"The perfect way to enjoy brewing tea on low hanging fruit to identify. Duis autem vel eum iriure dolor in hendrerit vulputate velit esse molestie consequat, vel illum dolore eu feugiat nulla facilisis. For me, the most important part of improving at photography has been sharing it. Lorem ipsum dolor sit amet, consectetur adipisicing elit, sed do \neiusmod tempor incididunt ut labore et dolore magna aliqua. Ut enim ad minim veniam, quis nostrud exercitation ullamco laboris nisi ut aliquip ex ea commodo consequat. Duis aute irure dolor in reprehenderit in voluptate velit \nesse cillum dolore eu fugiat nulla pariatur. Excepteur sint occaecat cupidatat non proident, sunt in culpa qui officia \ndeserunt mollit anim id est laborum."}},"1b09f917-f567-481b-aa4f-91902f5bca26":{"type":"faq","settings":{"title":"Order & Returns","faq_name":"How much is shipping and how long will it take?","faq_desc":"The perfect way to enjoy brewing tea on low hanging fruit to identify. Duis autem vel eum iriure dolor in hendrerit vulputate velit esse molestie consequat, vel illum dolore eu feugiat nulla facilisis. For me, the most important part of improving at photography has been sharing it. Lorem ipsum dolor sit amet, consectetur adipisicing elit, sed do \neiusmod tempor incididunt ut labore et dolore magna aliqua. Ut enim ad minim veniam, quis nostrud exercitation ullamco laboris nisi ut aliquip ex ea commodo consequat. Duis aute irure dolor in reprehenderit in voluptate velit \nesse cillum dolore eu fugiat nulla pariatur. Excepteur sint occaecat cupidatat non proident, sunt in culpa qui officia \ndeserunt mollit anim id est laborum.","faq_name2":"How do I know if my order was successful?","faq_desc2":"The perfect way to enjoy brewing tea on low hanging fruit to identify. Duis autem vel eum iriure dolor in hendrerit vulputate velit esse molestie consequat, vel illum dolore eu feugiat nulla facilisis. For me, the most important part of improving at photography has been sharing it. Lorem ipsum dolor sit amet, consectetur adipisicing elit, sed do \neiusmod tempor incididunt ut labore et dolore magna aliqua. Ut enim ad minim veniam, quis nostrud exercitation ullamco laboris nisi ut aliquip ex ea commodo consequat. Duis aute irure dolor in reprehenderit in voluptate velit \nesse cillum dolore eu fugiat nulla pariatur. Excepteur sint occaecat cupidatat non proident, sunt in culpa qui officia \ndeserunt mollit anim id est laborum.","faq_name3":"Vestibulum a lorem placerat, porttitor urna vel?","faq_desc3":"The perfect way to enjoy brewing tea on low hanging fruit to identify. Duis autem vel eum iriure dolor in hendrerit vulputate velit esse molestie consequat, vel illum dolore eu feugiat nulla facilisis. For me, the most important part of improving at photography has been sharing it. Lorem ipsum dolor sit amet, consectetur adipisicing elit, sed do \neiusmod tempor incididunt ut labore et dolore magna aliqua. Ut enim ad minim veniam, quis nostrud exercitation ullamco laboris nisi ut aliquip ex ea commodo consequat. Duis aute irure dolor in reprehenderit in voluptate velit \nesse cillum dolore eu fugiat nulla pariatur. Excepteur sint occaecat cupidatat non proident, sunt in culpa qui officia \ndeserunt mollit anim id est laborum.","faq_name4":"","faq_desc4":"","faq_name5":"","faq_desc5":""}},"2652379e-e839-4d0b-9ef9-1ca703d05067":{"type":"faq","settings":{"title":"Ordering from Gosto","faq_name":"How much is shipping and how long will it take?","faq_desc":"The perfect way to enjoy brewing tea on low hanging fruit to identify. Duis autem vel eum iriure dolor in hendrerit vulputate velit esse molestie consequat, vel illum dolore eu feugiat nulla facilisis. For me, the most important part of improving at photography has been sharing it. Lorem ipsum dolor sit amet, consectetur adipisicing elit, sed do \neiusmod tempor incididunt ut labore et dolore magna aliqua. Ut enim ad minim veniam, quis nostrud exercitation ullamco laboris nisi ut aliquip ex ea commodo consequat. Duis aute irure dolor in reprehenderit in voluptate velit \nesse cillum dolore eu fugiat nulla pariatur. Excepteur sint occaecat cupidatat non proident, sunt in culpa qui officia \ndeserunt mollit anim id est laborum.","faq_name2":"How do I know if my order was successful?","faq_desc2":"The perfect way to enjoy brewing tea on low hanging fruit to identify. Duis autem vel eum iriure dolor in hendrerit vulputate velit esse molestie consequat, vel illum dolore eu feugiat nulla facilisis. For me, the most important part of improving at photography has been sharing it. Lorem ipsum dolor sit amet, consectetur adipisicing elit, sed do \neiusmod tempor incididunt ut labore et dolore magna aliqua. Ut enim ad minim veniam, quis nostrud exercitation ullamco laboris nisi ut aliquip ex ea commodo consequat. Duis aute irure dolor in reprehenderit in voluptate velit \nesse cillum dolore eu fugiat nulla pariatur. Excepteur sint occaecat cupidatat non proident, sunt in culpa qui officia \ndeserunt mollit anim id est laborum.","faq_name3":"Pellentesque habitant morbi tristique senectus et netus?","faq_desc3":"The perfect way to enjoy brewing tea on low hanging fruit to identify. Duis autem vel eum iriure dolor in hendrerit vulputate velit esse molestie consequat, vel illum dolore eu feugiat nulla facilisis. For me, the most important part of improving at photography has been sharing it. Lorem ipsum dolor sit amet, consectetur adipisicing elit, sed do \neiusmod tempor incididunt ut labore et dolore magna aliqua. Ut enim ad minim veniam, quis nostrud exercitation ullamco laboris nisi ut aliquip ex ea commodo consequat. Duis aute irure dolor in reprehenderit in voluptate velit \nesse cillum dolore eu fugiat nulla pariatur. Excepteur sint occaecat cupidatat non proident, sunt in culpa qui officia \ndeserunt mollit anim id est laborum.","faq_name4":"Nam pellentesque aliquam metus?","faq_desc4":"The perfect way to enjoy brewing tea on low hanging fruit to identify. Duis autem vel eum iriure dolor in hendrerit vulputate velit esse molestie consequat, vel illum dolore eu feugiat nulla facilisis. For me, the most important part of improving at photography has been sharing it. Lorem ipsum dolor sit amet, consectetur adipisicing elit, sed do \neiusmod tempor incididunt ut labore et dolore magna aliqua. Ut enim ad minim veniam, quis nostrud exercitation ullamco laboris nisi ut aliquip ex ea commodo consequat. Duis aute irure dolor in reprehenderit in voluptate velit \nesse cillum dolore eu fugiat nulla pariatur. Excepteur sint occaecat cupidatat non proident, sunt in culpa qui officia \ndeserunt mollit anim id est laborum.","faq_name5":"","faq_desc5":""}}},"block_order":["346bda0e-133f-4467-a5e1-13cf6c712d17","8704d905-d8ec-4ed4-83cc-f23915e14fb4","1b09f917-f567-481b-aa4f-91902f5bca26","2652379e-e839-4d0b-9ef9-1ca703d05067"],"settings":{"faq_title_page":"","show_content":true,"faq_title":"How can we help you?","faq_desc":"<p>Returns are free for orders shipped within the U.S. We include a UPS return label in every package which is at no cost to use.<\/p>\n<p>Follow the steps below for a seamless returns process:<\/p>\n<ul>\n\t<li>-   Please indicate a reason for return using one of the Return Codes listed on the order form included in your package. <\/li>\n\t<li>-   Attach your UPS return label to the outside of the package. There is no cost to use this label.<\/li>\n\t<li>-   Please make note of your tracking number so that you are able to track it on its way back to us.<\/li>\n<\/ul>\n\n<p>You will receive an email once your return has been processed. Please allow 06 - 12 business days from the time your package arrives back to us for a refund to be issued.<\/p>","show_menu":true,"menu_page":"menu-faq","cl_bg":"#ffffff","pd_c":"","mg":"","pd":",0,80px,0","mg_mb":"","pd_mb":",0,40px,0"}}},"order":["breadcrumb","content-faqs"]}