{"sections":{"breadcrumb":{"type":"breadcrumb","settings":{"show_title_page":false,"h_position":"left","v_position":"middle","txt_align":"center","bg":"rgba(0,0,0,0)","b_height":50,"mg_bottom":0,"mobile_bg":"rgba(0,0,0,0)","mobile_ht":30,"mobile_mg_bottom":0}},"main":{"type":"main-wishlist","settings":{"title":"Your favourite product","visible":6,"widescreen":6,"desktop":5,"laptop":4,"notebook":3,"tablet":3,"landscape":2,"portrait":2,"mobile":1,"padding":2.5,"layout":false,"cl_bg":"rgba(0,0,0,0)","mg":"","pd":"0,0,100px,0","mg_mb":"","pd_mb":"50px,0,50px,0"}}},"order":["breadcrumb","main"]}