{"sections":{"breadcrumb":{"type":"breadcrumb","settings":{"show_title_page":false,"h_position":"left","v_position":"middle","txt_align":"left","bg":"#ffffff","cl_title":"#212529","cl_breadcrum":"#8d979e","b_height":60,"mg_bottom":0,"mobile_bg":"#ffffff","mobile_ht":60,"mobile_mg_bottom":0}},"main":{"type":"main-contact","blocks":{"1988c65b-ab60-4d1a-9087-bd70c51bd227":{"type":"form_contact","settings":{"right_title_block":"Get in Touch","content":"Your email address will not be published. Required fields are marked *"}},"c30d9271-76e1-4b33-8e2c-4eb91a939fa7":{"type":"Contact","settings":{"title":"Contact Information","content":"","address":"396 Florida Street, Faerie Glen, Pretoria, Gauteng, 0081, South Africa","work_time":"Monday – Friday: 8:00 - 19:00 <br> Saturdays: 11:00 – 15:00 <br>\nSundays & Public Holidays: Closed","phone":"","email":"","header_use_social":true,"type_social":"2"}}},"block_order":["1988c65b-ab60-4d1a-9087-bd70c51bd227","c30d9271-76e1-4b33-8e2c-4eb91a939fa7"],"settings":{"use_contact_map":false,"map_iframe":"<iframe src=\"https:\/\/www.google.com\/maps\/embed?pb=!1m18!1m12!1m3!1d5080.530651963164!2d28.2807485987594!3d-25.787810648117585!2m3!1f0!2f0!3f0!3m2!1i1024!2i768!4f13.1!3m3!1m2!1s0x1e9561fb5193abb9%3A0x3c3cedf75bb503d3!2sSpaces%20-%20Pretoria%2C%20Spaces%20Menlyn%20Maine!5e0!3m2!1sen!2sza!4v1712565858169!5m2!1sen!2sza\" width=\"600\" height=\"450\" style=\"border:0;\" allowfullscreen=\"\" loading=\"lazy\" referrerpolicy=\"no-referrer-when-downgrade\"><\/iframe>","layout":"container","cl_bg":"#ffffff","mg":"","pd":",,80px,","mg_mb":"","pd_mb":",,40px,"}},"9c8d5148-af29-47c5-b1e5-df8cdd31ae08":{"type":"collection-carousel-product","disabled":true,"settings":{"title":"New arrivals","text_size":"small","collection":"featured","max_count":8,"use-slider":true,"slides-To-Scroll":1,"visible":5,"widescreen":5,"desktop":4,"laptop":4,"notebook":3,"tablet":3,"landscape":2,"portrait":2,"mobile":1,"rows":1,"autoplay":false,"speed":"300","autoplay-Speed":"3000","arrows":true,"fade":false,"center-Mode":false,"adaptive-Height":false,"dots":false,"infinite":false,"padding":10,"vertical":false,"show_view_all":false,"layout_des":false,"cl_bg":"#ffffff","mg":"","pd":"100px,,80px,","mg_mb":"","pd_mb":"50px,,30px,"}},"tab_product_style3_UqHz6B":{"type":"tab-product-style3","blocks":{"col_a6THJt":{"type":"col","settings":{"title":"","collection":"google-pixels"}}},"block_order":["col_a6THJt"],"settings":{"title":"Featured","text_size":"small","max_count":8,"style_product":"1","use-slider":true,"slides-To-Scroll":1,"visible":5,"widescreen":4,"desktop":4,"laptop":4,"notebook":3,"tablet":3,"landscape":2,"portrait":2,"mobile":1,"rows":1,"autoplay":true,"speed":"300","autoplay-Speed":"3000","arrows":true,"fade":false,"center-Mode":false,"adaptive-Height":false,"dots":false,"infinite":false,"padding":10,"vertical":false,"show_view_all":false,"layout":"container","cl_bg":"#fff","mg":"","pd":"","mg_mb":"","pd_mb":""}}},"order":["breadcrumb","main","9c8d5148-af29-47c5-b1e5-df8cdd31ae08","tab_product_style3_UqHz6B"]}