{"layout":"password","sections":{"main":{"type":"password","settings":{"heading":"Cellect Smartphones <br>Coming Soon","sub_heading":"Coming Soon!","content":"We are about to go public so be sure to root on us and check back in anytime!<br> Can't wait to have you!","newsletter_placeholder":"Your email address","newsletter_button_text":"Notify me","signup_form_success":"We will send you an email right before we open!","social":"2","copyright":"<p>Copyright © <a href=\"\/\" title=\"\/\">Cellect<\/a> all rights reserved. Powered by <a href=\"#\" title=\"#\">Shopify<\/a>.<\/p>","layout":"container","cl_bg":"#ffffff","pd_c":"","mg":"","pd":"80px,,80px,","mg_mb":"","pd_mb":"40px,,40px,"}}},"order":["main"]}