{"sections":{"main":{"type":"main-product","blocks":{"ed5dec54-d995-4f88-87d3-102460e07067":{"type":"name_product","settings":{"np_text_transform":"none","np_size":24,"np_weight":500,"np_size_mobile":24,"np_mg_top":0,"np_mg_bottom":10}},"6ff5677e-1d98-482d-bd86-4c67fe63a2af":{"type":"show_reviews","settings":{}},"f1e09af0-0154-41e2-996f-755cdde44ea4":{"type":"show_price","settings":{}},"c78dd46d-d065-4e43-aaa7-13423da0532f":{"type":"show_description","settings":{"custom_liquid":""}},"888fb817-16f3-467a-8d84-48f25bfcf851":{"type":"text_countdown_html","disabled":true,"settings":{"show_text_countdown":false,"show_visitors_html":true,"product_visitors_min":1,"product_visitors_max":2}},"579829e4-1aee-4727-9d91-41583b54bebd":{"type":"countdown","settings":{"text":"Hurry up! Sale ends in:","custom_liquid":"{{product.metafields.custom.time_countdown}}","bg":"#f9f2f2","bd":"#f3d5d5","cl_title":"#dd3327","bg_countdown":"#dd3327","cl_text":"#ffffff"}},"d2caabfb-7c33-47ff-b309-cfca9d0d9b98":{"type":"popup","settings":{"show_size_chart":true,"text_size_chart":"Size chart","size_guide_page":"size-guide","show_shipping_returns":true,"text_shipping_returns":"Shipping and Returns","shipping_returns_page":"shipping-return","show_compare_color":true,"text_compare_color":"Compare Colors","show_contact_us":true,"text_contact_us":"Contact us"}},"5c909704-7273-41b5-b5b9-38085bf8c176":{"type":"product_variants","settings":{"show_title":true,"show_size_guide":true,"size_guide_page":""}},"7dd79963-0728-4ccb-85ae-a4ef29c6e44c":{"type":"inventory_qty","settings":{"total_items":50,"bg_1":"#ef262c","bg_2":"#edf1f2","h_stock":5}},"8681d35e-2735-4d23-98a5-4f3b5271e474":{"type":"quantity_button","settings":{"icon_button_cart":"","qt_show_quantity":true,"qt_show_cart":true,"show_popup":false,"product_terms_conditions_page_content":"","qt_buy_it_now":true,"btn_affiliate":"Buy On Themeforest","qt_show_compare":true,"qt_show_wishlist":true,"show_social_sharing":true,"show_custom_color_btn":true,"color_text_cart":"#ffffff","bg_add_to_cart":"#2b38d1","color_text_cart_hover":"#ffffff","bg_add_to_cart_hv":"#ef262c","color_text_buy_now":"#ffffff","bg_buy_it_now":"#212529","color_text_buy_now_hover":"#ffffff","bg_buy_it_now_hv":"#ef262c"}},"26205a69-31b8-41d3-83bf-2e25db4c4dfa":{"type":"shipping","settings":{"show_delivery_times":true,"deliver_text":"Estimated Delivery:","deliver_days":"{{ product.metafields.custom.delivery_counter.value }}","date_format":"%b %d","show_shipping_text":true,"shipping_text":"<p>Return within <strong>30 days<\/strong> of purchase. Taxes are non-refundable.<\/p>"}},"993a628c-32eb-456f-9eb4-88c3a61fa8e0":{"type":"product_infor","settings":{"show_sku":true,"show_barcode":false,"show_vendor":true,"show_type":false,"show_availability":true,"color_in_stock":"#008a00","color_out_stock":"#dd3842","show_category":true,"limit_cate":1,"show_tags":true,"limit_tags":1}},"text_R3tDfW":{"type":"text","disabled":true,"settings":{"text":"Please note that imported products may experience longer delivery times compared to domestic items. We appreciate your patience!","show_color":false,"color":"#ea0d42"}},"f0b169ef-ed96-4dd1-9b76-7e2e8121cc42":{"type":"custom_html","settings":{"html_custom":"Guarantee Safe &amp; Secure Checkout","show_svg_custom":true,"svg_custom":"visa, shopify_pay, apple_pay,google_pay,maestro,master,payflex","svg_height":40}}},"block_order":["ed5dec54-d995-4f88-87d3-102460e07067","6ff5677e-1d98-482d-bd86-4c67fe63a2af","f1e09af0-0154-41e2-996f-755cdde44ea4","c78dd46d-d065-4e43-aaa7-13423da0532f","888fb817-16f3-467a-8d84-48f25bfcf851","579829e4-1aee-4727-9d91-41583b54bebd","d2caabfb-7c33-47ff-b309-cfca9d0d9b98","5c909704-7273-41b5-b5b9-38085bf8c176","7dd79963-0728-4ccb-85ae-a4ef29c6e44c","8681d35e-2735-4d23-98a5-4f3b5271e474","26205a69-31b8-41d3-83bf-2e25db4c4dfa","993a628c-32eb-456f-9eb4-88c3a61fa8e0","text_R3tDfW","f0b169ef-ed96-4dd1-9b76-7e2e8121cc42"],"settings":{"cl_bg":"#ffffff","mg":"0,0,60px,0","pd":"","bd":5,"mg_mb":"0,0,15px,0","pd_mb":""}},"product-page-tab":{"type":"product-page-tab","blocks":{"f9332aee-ca1e-4993-ad5c-e3d5984789cc":{"type":"tab_description","settings":{"title_description":"Description"}},"0e2c2c01-948c-43f1-ae77-e8dbabaf8f55":{"type":"tab_reviews","disabled":true,"settings":{"title_reviews":"Reviews"}},"tab_custom_text_U4VVTF":{"type":"tab_custom_text","disabled":true,"settings":{"title":"Contact","content":"<p>Legal Trade Name: Cellect Solutions<\/p><p>WhatsApp Number: +27 684938249<\/p><p>Email: connect@cellect.co.za<\/p><p>Physical Address: 396 Florida Street, Faerie Glen, Pretoria, Gauteng, 0081, South Africa | No stock is kept on site.<\/p>"}},"tab_custom_text_zP6VjC":{"type":"tab_custom_text","settings":{"title":"Returns & Refunds","content":"<p>We have a 30-day return policy, which means you have 30 days after receiving your item to request a return. <br\/><br\/>To be eligible for a return, your item must be in the same condition that you received it, unworn or unused, with tags, and in its original packaging. You’ll also need the receipt or proof of purchase. <br\/><br\/>To start a return, you can contact us at <a href=\"mailto:connect@cellect.co.za\">connect@cellect.co.za<\/a>. Please note that a statement of \"Return\"must be made in the subject heading.<br\/><br\/>If your return is accepted, we’ll send you a return shipping label, as well as instructions on how and where to send your package. Items sent back to us without first requesting a return will not be accepted. <br\/><br\/>You can always contact us for any return question at <a href=\"mailto:connect@cellect.co.za\">connect@cellect.co.za<\/a>. <br\/><\/p><p><strong>Damages and issues<\/strong> <br\/>Please inspect your order upon reception and contact us immediately if the item is defective, damaged or if you receive the wrong item, so that we can evaluate the issue and make it right.<\/p><p><strong>Exceptions \/ non-returnable items<\/strong> <br\/>Certain types of items cannot be returned, like perishable goods (such as food, flowers, or plants), custom products (such as special orders or personalized items), and personal care goods (such as beauty products). We also do not accept returns for hazardous materials, flammable liquids, or gases. Please get in touch if you have questions or concerns about your specific item. <br\/><br\/>Unfortunately, we cannot accept returns on sale items or gift cards.<\/p><p><strong>Exchanges<\/strong> <br\/>The fastest way to ensure you get what you want is to return the item you have, and once the return is accepted, make a separate purchase for the new item.<\/p><p><strong>Refunds<\/strong> <br\/>We will notify you once we’ve received and inspected your return, and let you know if the refund was approved or not. If approved, you’ll be automatically refunded on your original payment method within 10 business days. Please remember it can take some time for your bank or credit card company to process and post the refund too. <br\/>If more than 15 business days have passed since we’ve approved your return, please contact us at connect@cellect.co.za.<\/p>"}},"tab_custom_text_43FdaU":{"type":"tab_custom_text","settings":{"title":"Privacy Policy","content":"<p>Last updated: 4 April 2024<br\/><\/p><p>This Privacy Policy describes how Cellect Smartphones (the \"<strong>Site<\/strong>\", \"<strong>we<\/strong>\", \"<strong>us<\/strong>\", or \"<strong>our<\/strong>\") collects, uses, and discloses your personal information when you visit, use our services, or make a purchase from cellect.co.za (the \"<strong>Site<\/strong>\") or otherwise communicate with us (collectively, the \"<strong>Services<\/strong>\"). For purposes of this Privacy Policy, \"<strong>you<\/strong>\" and \"<strong>your<\/strong>\" means you as the user of the Services, whether you are a customer, website visitor, or another individual whose information we have collected pursuant to this Privacy Policy.<\/p><p>Please read this Privacy Policy carefully. By using and accessing any of the Services, you agree to the collection, use, and disclosure of your information as described in this Privacy Policy. If you do not agree to this Privacy Policy, please do not use or access any of the Services.<\/p><h2>Changes to This Privacy Policy<\/h2><p>We may update this Privacy Policy from time to time, including to reflect changes to our practices or for other operational, legal, or regulatory reasons. We will post the revised Privacy Policy on the Site, update the \"Last updated\" date and take any other steps required by applicable law.<\/p><h2>How We Collect and Use Your Personal Information<\/h2><p>To provide the Services, we collect and have collected over the past 12 months personal information about you from a variety of sources, as set out below. The information that we collect and use varies depending on how you interact with us.<\/p><p>In addition to the specific uses set out below, we may use information we collect about you to communicate with you, provide the Services, comply with any applicable legal obligations, enforce any applicable terms of service, and to protect or defend the Services, our rights, and the rights of our users or others.<\/p><h3>What Personal Information We Collect<\/h3><p>The types of personal information we obtain about you depends on how you interact with our Site and use our Services. When we use the term \"personal information\", we are referring to information that identifies, relates to, describes or can be associated with you. The following sections describe the categories and specific types of personal information we collect.<\/p><h3>Information We Collect Directly from You<\/h3><p>Information that you directly submit to us through our Services may include:<\/p><p><strong>Basic contact details<\/strong> including your name, address, phone number, email.<\/p><p><strong>Order information<\/strong> including your name, billing address, shipping address, payment confirmation, email address, phone number.<\/p><p><strong>Account information<\/strong> including your username, password, security questions.<\/p><p><strong>Shopping information<\/strong> including the items you view, put in your cart or add to your wishlist.<\/p><p><strong>Customer support information<\/strong> including the information you choose to include in communications with us, for example, when sending a message through the Services.<\/p><p>Some features of the Services may require you to directly provide us with certain information about yourself. You may elect not to provide this information, but doing so may prevent you from using or accessing these features.<\/p><h3>Information We Collect through Cookies<\/h3><p>We also automatically collect certain information about your interaction with the Services (\"<strong>Usage Data<\/strong>\"). To do this, we may use cookies, pixels and similar technologies (\"<strong>Cookies<\/strong>\"). Usage Data may include information about how you access and use our Site and your account, including device information, browser information, information about your network connection, your IP address and other information regarding your interaction with the Services.<\/p><h3>Information We Obtain from Third Parties<\/h3><p>Finally, we may obtain information about you from third parties, including from vendors and service providers who may collect information on our behalf, such as:<\/p><p>Companies who support our Site and Services, such as Shopify.<\/p><p>Our payment processors, who collect payment information (e.g., bank account, credit or debit card information, billing address) to process your payment in order to fulfill your orders and provide you with products or services you have requested, in order to perform our contract with you.<\/p><p>When you visit our Site, open or click on emails we send you, or interact with our Services or advertisements, we, or third parties we work with, may automatically collect certain information using online tracking technologies such as pixels, web beacons, software developer kits, third-party libraries, and cookies.<\/p><p>Any information we obtain from third parties will be treated in accordance with this Privacy Policy. We are not responsible or liable for the accuracy of the information provided to us by third parties and are not responsible for any third party's policies or practices. For more information, see the section below, <em>Third Party Websites and Links<\/em>.<\/p><h3>How We Use Your Personal Information<\/h3><p><strong>Providing Products and Services.<\/strong> We use your personal information to provide you with the Services in order to perform our contract with you, including to process your payments, fulfill your orders, to send notifications to you related to you account, purchases, returns, exchanges or other transactions, to create, maintain and otherwise manage your account, to arrange for shipping, facilitate any returns and exchanges and to enable you to post reviews.<\/p><p><strong>Marketing and Advertising.<\/strong> We use your personal information for marketing and promotional purposes, such as to send marketing, advertising and promotional communications by email, text message or postal mail, and to show you advertisements for products or services. This may include using your personal information to better tailor the Services and advertising on our Site and other websites.<\/p><p><strong>Security and Fraud Prevention.<\/strong> We use your personal information to detect, investigate or take action regarding possible fraudulent, illegal or malicious activity. If you choose to use the Services and register an account, you are responsible for keeping your account credentials safe. We highly recommend that you do not share your username, password, or other access details with anyone else. If you believe your account has been compromised, please contact us immediately.<\/p><p><strong>Communicating with you.<\/strong> We use your personal information to provide you with customer support and improve our Services. This is in our legitimate interests in order to be responsive to you, to provide effective services to you, and to maintain our business relationship with you.<\/p><h2>Cookies<\/h2><p>Like many websites, we use Cookies on our Site. For specific information about the Cookies that we use related to powering our store with Shopify, see <a href=\"https:\/\/www.shopify.com\/legal\/cookies\">https:\/\/www.shopify.com\/legal\/cookies<\/a>. We use Cookies to power and improve our Site and our Services (including to remember your actions and preferences), to run analytics and better understand user interaction with the Services (in our legitimate interests to administer, improve and optimize the Services). We may also permit third parties and services providers to use Cookies on our Site to better tailor the services, products and advertising on our Site and other websites.<\/p><p>Most browsers automatically accept Cookies by default, but you can choose to set your browser to remove or reject Cookies through your browser controls. Please keep in mind that removing or blocking Cookies can negatively impact your user experience and may cause some of the Services, including certain features and general functionality, to work incorrectly or no longer be available. Additionally, blocking Cookies may not completely prevent how we share information with third parties such as our advertising partners.<\/p><h2>How We Disclose Personal Information<\/h2><p>In certain circumstances, we may disclose your personal information to third parties for legitimate purposes subject to this Privacy Policy. Such circumstances may include:<\/p><p>With vendors or other third parties who perform services on our behalf (e.g., IT management, payment processing, data analytics, customer support, cloud storage, fulfillment and shipping).<\/p><p>With business and marketing partners, including Shopify, to provide services and advertise to you. Our business and marketing partners will use your information in accordance with their own privacy notices.<\/p><p>When you direct, request us or otherwise consent to our disclosure of certain information to third parties, such as to ship you products or through your use of social media widgets or login integrations, with your consent.<\/p><p>With our affiliates or otherwise within our corporate group, in our legitimate interests to run a successful business.<\/p><p>In connection with a business transaction such as a merger or bankruptcy, to comply with any applicable legal obligations (including to respond to subpoenas, search warrants and similar requests), to enforce any applicable terms of service, and to protect or defend the Services, our rights, and the rights of our users or others.<\/p><p>We have, in the past 12 months disclosed the following categories of personal information and sensitive personal information (denoted by *) about users for the purposes set out above in <em>\"How we Collect and Use your Personal Information\"<\/em> and <em>\"How we Disclose Personal Information\"<\/em>:<\/p><p>CategoryCategories of Recipients<\/p><p>Identifiers such as basic contact details and certain order and account information<\/p><p>Commercial information such as order information, shopping information and customer support information<\/p><p>Internet or other similar network activity, such as Usage Data<\/p><p>Vendors and third parties who perform services on our behalf (such as Internet service providers, payment processors, fulfillment partners, customer support partners and data analytics providers)<\/p><p>Business and marketing partners<\/p><p>Affiliates<\/p><p>We do not use or disclose sensitive personal information for the purposes of inferring characteristics about you.<\/p><p>We have “sold” and “shared” (as those terms are defined in applicable law) personal information over the preceding 12 months for the purpose of engaging in advertising and marketing activities, as follows.<\/p><p>Category of Personal InformationCategories of RecipientsIdentifiers such as basic contact details and certain order and account informationBusiness and marketing partnersCommercial information such as records of products or services purchased and shopping informationBusiness and marketing partnersInternet or other similar network activity, such as Usage DataBusiness and marketing partners<\/p><h2>User Generated Content<\/h2><p>The Services may enable you to post product reviews and other user-generated content. If you choose to submit user generated content to any public area of the Services, this content will be public and accessible by anyone.<\/p><p>We do not control who will have access to the information that you choose to make available to others, and cannot ensure that parties who have access to such information will respect your privacy or keep it secure. We are not responsible for the privacy or security of any information that you make publicly available, or for the accuracy, use or misuse of any information that you disclose or receive from third parties.<\/p><h2>Third Party Websites and Links<\/h2><p>Our Site may provide links to websites or other online platforms operated by third parties. If you follow links to sites not affiliated or controlled by us, you should review their privacy and security policies and other terms and conditions. We do not guarantee and are not responsible for the privacy or security of such sites, including the accuracy, completeness, or reliability of information found on these sites. Information you provide on public or semi-public venues, including information you share on third-party social networking platforms may also be viewable by other users of the Services and\/or users of those third-party platforms without limitation as to its use by us or by a third party. Our inclusion of such links does not, by itself, imply any endorsement of the content on such platforms or of their owners or operators, except as disclosed on the Services.<\/p><h2>Children’s Data<\/h2><p>The Services are not intended to be used by children, and we do not knowingly collect any personal information about children. If you are the parent or guardian of a child who has provided us with their personal information, you may contact us using the contact details set out below to request that it be deleted.<\/p><p>As of the Effective Date of this Privacy Policy, we do not have actual knowledge that we “share” or “sell” (as those terms are defined in applicable law) personal information of individuals under 16 years of age.<\/p><h2>Security and Retention of Your Information<\/h2><p>Please be aware that no security measures are perfect or impenetrable, and we cannot guarantee “perfect security.” In addition, any information you send to us may not be secure while in transit. We recommend that you do not use unsecure channels to communicate sensitive or confidential information to us.<\/p><p>How long we retain your personal information depends on different factors, such as whether we need the information to maintain your account, to provide the Services, comply with legal obligations, resolve disputes or enforce other applicable contracts and policies.<\/p><h2>Your Rights and Choices<\/h2><p>Depending on where you live, you may have some or all of the rights listed below in relation to your personal information. However, these rights are not absolute, may apply only in certain circumstances and, in certain cases, we may decline your request as permitted by law.<\/p><p><strong>Right to Access \/ Know.<\/strong> You may have a right to request access to personal information that we hold about you, including details relating to the ways in which we use and share your information.<\/p><p><strong>Right to Delete.<\/strong> You may have a right to request that we delete personal information we maintain about you.<\/p><p><strong>Right to Correct.<\/strong> You may have a right to request that we correct inaccurate personal information we maintain about you.<\/p><p><strong>Right of Portability.<\/strong> You may have a right to receive a copy of the personal information we hold about you and to request that we transfer it to a third party, in certain circumstances and with certain exceptions.<\/p><p><strong>Right to Opt out of Sale or Sharing or Targeted Advertising.<\/strong> You may have a right to direct us not to \"sell\" or \"share\" your personal information or to opt out of the processing of your personal information for purposes considered to be \"targeted advertising\", as defined in applicable privacy laws. Please note that if you visit our Site with the Global Privacy Control opt-out preference signal enabled, depending on where you are, we will automatically treat this as a request to opt-out of the \"sale\" or \"sharing\" of information for the device and browser that you use to visit the Site.<\/p><p><strong>Restriction of Processing:<\/strong> You may have the right to ask us to stop or restrict our processing of personal information.<\/p><p><strong>Withdrawal of Consent:<\/strong> Where we rely on consent to process your personal information, you may have the right to withdraw this consent.<\/p><p><strong>Appeal:<\/strong> You may have a right to appeal our decision if we decline to process your request. You can do so by replying directly to our denial.<\/p><p><strong>Managing Communication Preferences:<\/strong> We may send you promotional emails, and you may opt out of receiving these at any time by using the unsubscribe option displayed in our emails to you. If you opt out, we may still send you non-promotional emails, such as those about your account or orders that you have made.<\/p><p>You may exercise any of these rights where indicated on our Site or by contacting us using the contact details provided below.<\/p><p>We will not discriminate against you for exercising any of these rights. We may need to collect information from you to verify your identity, such as your email address or account information, before providing a substantive response to the request. In accordance with applicable laws, You may designate an authorized agent to make requests on your behalf to exercise your rights. Before accepting such a request from an agent, we will require that the agent provide proof you have authorized them to act on your behalf, and we may need you to verify your identity directly with us. We will respond to your request in a timely manner as required under applicable law.<\/p><p>We use Shopify's ad services such as Shopify Audiences to help personalize the advertising you see on third party websites. To restrict Shopify merchants that use these ad services from using your personal information for such services, visit <a href=\"https:\/\/privacy.shopify.com\/en\">https:\/\/privacy.shopify.com\/en<\/a>.<\/p><h2>Complaints<\/h2><p>If you have complaints about how we process your personal information, please contact us using the contact details provided below. If you are not satisfied with our response to your complaint, depending on where you live you may have the right to appeal our decision by contacting us using the contact details set out below, or lodge your complaint with your local data protection authority.<\/p><h2>International Users<\/h2><p>Please note that we may transfer, store and process your personal information outside the country you live in, including the United States. Your personal information is also processed by staff and third party service providers and partners in these countries.<\/p><p>If we transfer your personal information out of Europe, we will rely on recognized transfer mechanisms like the European Commission's Standard Contractual Clauses, or any equivalent contracts issued by the relevant competent authority of the UK, as relevant, unless the data transfer is to a country that has been determined to provide an adequate level of protection.<\/p><h2>Contact<\/h2><p>Should you have any questions about our privacy practices or this Privacy Policy, or if you would like to exercise any of the rights available to you, please call+27 68 493 8249 or email us at connect@cellect.co.za<\/p><p><strong>[NOTE TO MERCHANT: INSERT THE FOLLOWING IF YOUR SITE IS GOVERNED BY GDPR] For the purpose of applicable data protection laws, we are the data controller of your personal information. Our representative in the [EEA] [and] [the UK] is [INSERT REPRESENTATIVE DETAILS].<\/strong><\/p>"}},"tab_custom_text_m6XRFz":{"type":"tab_custom_text","settings":{"title":"Contact Information","content":"<p>For all Questions and Queries, please feel free to reach out and we will be happy to assist.<\/p><p><strong>WhatsApp Number:<\/strong> +27 68 493 8249<\/p><p><strong>Email:<\/strong> connect@cellect.co.za<\/p>"}}},"block_order":["f9332aee-ca1e-4993-ad5c-e3d5984789cc","0e2c2c01-948c-43f1-ae77-e8dbabaf8f55","tab_custom_text_U4VVTF","tab_custom_text_zP6VjC","tab_custom_text_43FdaU","tab_custom_text_m6XRFz"],"settings":{"hide_tabs":false,"accordion_tabs":false,"cl_bg":"#ffffff","mg":"0,0,60px,0","pd":"","bd":"5px 5px 5px 5px","mg_mb":"0,0,15px,0","pd_mb":""}}},"order":["main","product-page-tab"]}